#  Xs,Ys,Zs
-1.136400456186201602e+01,-2.585704500026227137e+01,0.000000000000000000e+00
-1.112111890781596379e+01,-2.583026828166546807e+01,0.000000000000000000e+00
-1.087743993349423555e+01,-2.580165301229627062e+01,0.000000000000000000e+00
-1.063297767419035900e+01,-2.577117747751913512e+01,0.000000000000000000e+00
-1.038773846105207532e+01,-2.573881918918265299e+01,0.000000000000000000e+00
-1.014173051657421709e+01,-2.570455553393109582e+01,0.000000000000000000e+00
-9.894962570349997932e+00,-2.566836361719347437e+01,0.000000000000000000e+00
-9.647441100324391172e+00,-2.563021982894657924e+01,0.000000000000000000e+00
-9.399175899915480414e+00,-2.559010066136379535e+01,0.000000000000000000e+00
-9.150177307832919382e+00,-2.554798233502573979e+01,0.000000000000000000e+00
-8.900453463439815138e+00,-2.550384030475469999e+01,0.000000000000000000e+00
-8.650014472833959189e+00,-2.545764993941434895e+01,0.000000000000000000e+00
-8.398872410923898357e+00,-2.540938657646265852e+01,0.000000000000000000e+00
-8.147035838818487363e+00,-2.535902445915202463e+01,0.000000000000000000e+00
-7.894516699351855848e+00,-2.530653803640417721e+01,0.000000000000000000e+00
-7.641327574349635832e+00,-2.525190146958818715e+01,0.000000000000000000e+00
-7.387478975434559558e+00,-2.519508801689353206e+01,0.000000000000000000e+00
-7.132984825716872201e+00,-2.513607121788387033e+01,0.000000000000000000e+00
-6.877857022354867844e+00,-2.507482367811237722e+01,0.000000000000000000e+00
-6.622110894033482076e+00,-2.501131833661136383e+01,0.000000000000000000e+00
-6.365758440975373134e+00,-2.494552681687375184e+01,0.000000000000000000e+00
-6.108816474208184744e+00,-2.487742144992802551e+01,0.000000000000000000e+00
-5.851299873114305328e+00,-2.480697357415348847e+01,0.000000000000000000e+00
-5.593222977626411740e+00,-2.473415382086358960e+01,0.000000000000000000e+00
-5.334603625956877870e+00,-2.465893324954088328e+01,0.000000000000000000e+00
-5.075457817675788519e+00,-2.458128184400880656e+01,0.000000000000000000e+00
-4.815803747906684862e+00,-2.450116965891606924e+01,0.000000000000000000e+00
-4.555661805478021797e+00,-2.441856688053664826e+01,0.000000000000000000e+00
-4.295047992472882825e+00,-2.433344170992639732e+01,0.000000000000000000e+00
-4.033984522074480772e+00,-2.424576373061241341e+01,0.000000000000000000e+00
-3.772490604693129246e+00,-2.415550093165663981e+01,0.000000000000000000e+00
-3.510587744616327832e+00,-2.406262142851223018e+01,0.000000000000000000e+00
-3.248298441543174153e+00,-2.396709304828933540e+01,0.000000000000000000e+00
-2.985646212268303401e+00,-2.386888334063624484e+01,0.000000000000000000e+00
-2.722654327764657989e+00,-2.376795908972283300e+01,0.000000000000000000e+00
-2.459348421622266745e+00,-2.366428729300015377e+01,0.000000000000000000e+00
-2.195752664715542313e+00,-2.355783366466768669e+01,0.000000000000000000e+00
-1.931894916764389736e+00,-2.344856466769633485e+01,0.000000000000000000e+00
-1.667802906986060263e+00,-2.333644600781472889e+01,0.000000000000000000e+00
-1.403504287921607085e+00,-2.322144259422702461e+01,0.000000000000000000e+00
-1.139029189509328299e+00,-2.310351962809267334e+01,0.000000000000000000e+00
-8.744089702972237532e-01,-2.298264209726537644e+01,0.000000000000000000e+00
-6.096750065961606957e-01,-2.285877420741390864e+01,0.000000000000000000e+00
-3.448599804928105805e-01,-2.273187994106982757e+01,0.000000000000000000e+00
-7.999912832349979908e-02,-2.260192368179645683e+01,0.000000000000000000e+00
1.848721975446158128e-01,-2.246886905167081494e+01,0.000000000000000000e+00
4.497184665904002121e-01,-2.233267887676095143e+01,0.000000000000000000e+00
7.145003063493642337e-01,-2.219331706973094853e+01,0.000000000000000000e+00
9.791793183751535956e-01,-2.205074616000292664e+01,0.000000000000000000e+00
1.243713237517449111e+00,-2.190492984902974527e+01,0.000000000000000000e+00
1.508061863462719865e+00,-2.175582978538901457e+01,0.000000000000000000e+00
1.772178737010555505e+00,-2.160341019908132054e+01,0.000000000000000000e+00
2.036021711634198983e+00,-2.144763190896384941e+01,0.000000000000000000e+00
2.299541206954162753e+00,-2.128845911105153021e+01,0.000000000000000000e+00
2.562689531178901969e+00,-2.112585396241253477e+01,0.000000000000000000e+00
2.825417323729931152e+00,-2.095977862146293802e+01,0.000000000000000000e+00
3.087671278302071887e+00,-2.079019674646436400e+01,0.000000000000000000e+00
3.349399779524600884e+00,-2.061706990330333866e+01,0.000000000000000000e+00
3.610546104904990283e+00,-2.044036197402185806e+01,0.000000000000000000e+00
3.871052920720254420e+00,-2.026003628037464210e+01,0.000000000000000000e+00
4.130861122109473982e+00,-2.007605634089787827e+01,0.000000000000000000e+00
4.389909806365653644e+00,-1.988838590477162782e+01,0.000000000000000000e+00
4.648136246465469412e+00,-1.969698898685143007e+01,0.000000000000000000e+00
4.905474810699113952e+00,-1.950183071256473966e+01,0.000000000000000000e+00
5.161859077413771146e+00,-1.930287576917627845e+01,0.000000000000000000e+00
5.417217626895430627e+00,-1.910009170997676620e+01,0.000000000000000000e+00
5.671481332862009950e+00,-1.889344327068958407e+01,0.000000000000000000e+00
5.924574027269593479e+00,-1.868289985395540853e+01,0.000000000000000000e+00
6.176421748742634499e+00,-1.846842808567136274e+01,0.000000000000000000e+00
6.426945585761615121e+00,-1.824999774598987301e+01,0.000000000000000000e+00
6.676064757465947075e+00,-1.802757932441599209e+01,0.000000000000000000e+00
6.923695635532640225e+00,-1.780114495484362536e+01,0.000000000000000000e+00
7.169753690939101531e+00,-1.757066671020384163e+01,0.000000000000000000e+00
7.414151544247251202e+00,-1.733611841992807001e+01,0.000000000000000000e+00
7.656797168254749764e+00,-1.709747760765506541e+01,0.000000000000000000e+00
7.897600452167987228e+00,-1.685471917634145811e+01,0.000000000000000000e+00
8.136463954663438969e+00,-1.660782465858513035e+01,0.000000000000000000e+00
8.373291258094191392e+00,-1.635677401281913390e+01,0.000000000000000000e+00
8.607982413815181033e+00,-1.610155032210478510e+01,0.000000000000000000e+00
8.840434937359534118e+00,-1.584213897124534753e+01,0.000000000000000000e+00
9.070543041966800502e+00,-1.557852872113702603e+01,0.000000000000000000e+00
9.298201101840961158e+00,-1.531070790400763215e+01,0.000000000000000000e+00
9.523297015646457808e+00,-1.503867234793129448e+01,0.000000000000000000e+00
9.745720645192070819e+00,-1.476241564961791042e+01,0.000000000000000000e+00
9.965356492733375759e+00,-1.448193816590273109e+01,0.000000000000000000e+00
1.018208947615590532e+01,-1.419724012531650104e+01,0.000000000000000000e+00
1.039579878958487491e+01,-1.390832983599638162e+01,0.000000000000000000e+00
1.060636576686988164e+01,-1.361521359075388737e+01,0.000000000000000000e+00
1.081366640473178187e+01,-1.331790602019147229e+01,0.000000000000000000e+00
1.101757681309405434e+01,-1.301642298957709798e+01,0.000000000000000000e+00
1.121797043544038175e+01,-1.271078585209700229e+01,0.000000000000000000e+00
1.141471969129942288e+01,-1.240101945955843732e+01,0.000000000000000000e+00
1.160769481318309992e+01,-1.208715439320261886e+01,0.000000000000000000e+00
1.179676607548840295e+01,-1.176922384276490874e+01,0.000000000000000000e+00
1.198180138985612686e+01,-1.144726801087612778e+01,0.000000000000000000e+00
1.216266913401148209e+01,-1.112132986872454765e+01,0.000000000000000000e+00
1.233923531663060835e+01,-1.079146071833696219e+01,0.000000000000000000e+00
1.251136806799009626e+01,-1.045771255776455888e+01,0.000000000000000000e+00
1.267893262787467989e+01,-1.012014812616217263e+01,0.000000000000000000e+00
1.284179683903729519e+01,-9.778830960762142865e+00,0.000000000000000000e+00
1.299982698597652941e+01,-9.433834411015972421e+00,0.000000000000000000e+00
1.315289140784508248e+01,-9.085234950829637057e+00,0.000000000000000000e+00
1.330085966672915276e+01,-8.733114445515402835e+00,0.000000000000000000e+00
1.344360149309706998e+01,-8.377563639337612500e+00,0.000000000000000000e+00
1.358098955272879493e+01,-8.018676449978530130e+00,0.000000000000000000e+00
1.371289791352227816e+01,-7.656554573761297000e+00,0.000000000000000000e+00
1.383920334915357486e+01,-7.291305184274921913e+00,0.000000000000000000e+00
1.395978603742737612e+01,-6.923039729921933727e+00,0.000000000000000000e+00
1.407452801530350861e+01,-6.551879774320997107e+00,0.000000000000000000e+00
1.418331658082154334e+01,-6.177947558161495323e+00,0.000000000000000000e+00
1.428604170981590471e+01,-5.801375358085678613e+00,0.000000000000000000e+00
1.438259884420009982e+01,-5.422297142555837723e+00,0.000000000000000000e+00
1.447288700651121474e+01,-5.040856798212571377e+00,0.000000000000000000e+00
1.455681105080862814e+01,-4.657200898606626893e+00,0.000000000000000000e+00
1.463428155107367168e+01,-4.271479753342704022e+00,0.000000000000000000e+00
1.470521438857000085e+01,-3.883850881587782577e+00,0.000000000000000000e+00
1.476953203464051967e+01,-3.494474063871588765e+00,0.000000000000000000e+00
1.482716298183543557e+01,-3.103516004577231424e+00,0.000000000000000000e+00
1.487804284805891086e+01,-2.711145335887954477e+00,0.000000000000000000e+00
1.492211433907818119e+01,-2.317533632284629164e+00,0.000000000000000000e+00
1.495932722551596150e+01,-1.922857646734731141e+00,0.000000000000000000e+00
1.498963906273638180e+01,-1.527294249192576281e+00,0.000000000000000000e+00
1.501301496027425664e+01,-1.131023856051941889e+00,0.000000000000000000e+00
1.502942788483151482e+01,-7.342289969087459900e-01,0.000000000000000000e+00
1.503885880603566427e+01,-3.370940881052236771e-01,0.000000000000000000e+00
1.504129682130822410e+01,6.019845824654960348e-02,0.000000000000000000e+00
1.503673908047836250e+01,4.574623718220239277e-01,0.000000000000000000e+00
1.502519083476200557e+01,8.545150760366827525e-01,0.000000000000000000e+00
1.500666558073736212e+01,1.251169389087910755e+00,0.000000000000000000e+00
1.498118466832145224e+01,1.647244729659051110e+00,0.000000000000000000e+00
1.494877750763289015e+01,2.042558813856194977e+00,0.000000000000000000e+00
1.490948147744889596e+01,2.436930324683932447e+00,0.000000000000000000e+00
1.486334110686384946e+01,2.830185202464077676e+00,0.000000000000000000e+00
1.481040904857796114e+01,3.222145924885265522e+00,0.000000000000000000e+00
1.475074486715343092e+01,3.612641426982731385e+00,0.000000000000000000e+00
1.468441474982511075e+01,4.001506058710620373e+00,0.000000000000000000e+00
1.461149228715727766e+01,4.388573731483539575e+00,0.000000000000000000e+00
1.453205703502207236e+01,4.773685333705025791e+00,0.000000000000000000e+00
1.444619454909032896e+01,5.156686460585107490e+00,0.000000000000000000e+00
1.435399666483757031e+01,5.537425168454150004e+00,0.000000000000000000e+00
1.425555978054970829e+01,5.915758078585288793e+00,0.000000000000000000e+00
1.415098558449066068e+01,6.291545697132272963e+00,0.000000000000000000e+00
1.404038118922564315e+01,6.664651355960176993e+00,0.000000000000000000e+00
1.392385710070434612e+01,7.034947218722489737e+00,0.000000000000000000e+00
1.380152778715514472e+01,7.402310778050591900e+00,0.000000000000000000e+00
1.367351176993662953e+01,7.766623751547531818e+00,0.000000000000000000e+00
1.353992963559458751e+01,8.127776791848411619e+00,0.000000000000000000e+00
1.340090571074982151e+01,8.485663674985273630e+00,0.000000000000000000e+00
1.325656697712834564e+01,8.840183673558481559e+00,0.000000000000000000e+00
1.310704076259204953e+01,9.191246134658175748e+00,0.000000000000000000e+00
1.295245714094104272e+01,9.538763547136353438e+00,0.000000000000000000e+00
1.279294827717360228e+01,9.882652718047705065e+00,0.000000000000000000e+00
1.262864600343615606e+01,1.022283927029008588e+01,0.000000000000000000e+00
1.245968295610740384e+01,1.055925416424297758e+01,0.000000000000000000e+00
1.228619287380603708e+01,1.089183254393658373e+01,0.000000000000000000e+00
1.210830858201816795e+01,1.122051702034351628e+01,0.000000000000000000e+00
1.192616403364084299e+01,1.154525316267855573e+01,0.000000000000000000e+00
1.173989164751746195e+01,1.186599384373717037e+01,0.000000000000000000e+00
1.154962384651977914e+01,1.218269585107789155e+01,0.000000000000000000e+00
1.135549153657439447e+01,1.249532197862623306e+01,0.000000000000000000e+00
1.115762446624766646e+01,1.280383983106930579e+01,0.000000000000000000e+00
1.095615169623083496e+01,1.310822066860278490e+01,0.000000000000000000e+00
1.075120072461987952e+01,1.340844038692929630e+01,0.000000000000000000e+00
1.054289726174652131e+01,1.370447940586105418e+01,0.000000000000000000e+00
1.033136501325227741e+01,1.399632255268573999e+01,0.000000000000000000e+00
1.011672624361380102e+01,1.428395792074848103e+01,0.000000000000000000e+00
9.899101652530960749e+00,1.456737678765050070e+01,0.000000000000000000e+00
9.678608651234155147e+00,1.484657553550538012e+01,0.000000000000000000e+00
9.455363552436795160e+00,1.512155249479562791e+01,0.000000000000000000e+00
9.229479043347973644e+00,1.539231085182670711e+01,0.000000000000000000e+00
9.001067326018704406e+00,1.565885456648108942e+01,0.000000000000000000e+00
8.770237585406899683e+00,1.592119126772621485e+01,0.000000000000000000e+00
8.537095828096358474e+00,1.617933211300737639e+01,0.000000000000000000e+00
8.301746505883009775e+00,1.643328975250107149e+01,0.000000000000000000e+00
8.064291604124257162e+00,1.668307921702182028e+01,0.000000000000000000e+00
7.824829651755751847e+00,1.692871874833489798e+01,0.000000000000000000e+00
7.583458370200871990e+00,1.717022690127788209e+01,0.000000000000000000e+00
7.340271915306796124e+00,1.740762526622344453e+01,0.000000000000000000e+00
7.095361704452185947e+00,1.764093742495446904e+01,0.000000000000000000e+00
6.848818291699799055e+00,1.787018707791150973e+01,0.000000000000000000e+00
6.600726546252312588e+00,1.809540243402904025e+01,0.000000000000000000e+00
6.351173341344519052e+00,1.831660902426896698e+01,0.000000000000000000e+00
6.100240792790182276e+00,1.853383585782392373e+01,0.000000000000000000e+00
5.848007108336218174e+00,1.874711437813960657e+01,0.000000000000000000e+00
5.594551614099979808e+00,1.895647413289192329e+01,0.000000000000000000e+00
5.339948727337945122e+00,1.916194784259754869e+01,0.000000000000000000e+00
5.084271995136643518e+00,1.936356794004095150e+01,0.000000000000000000e+00
4.827592055268301152e+00,1.956136819181634934e+01,0.000000000000000000e+00
4.569976604397104403e+00,1.975538360619493616e+01,0.000000000000000000e+00
4.311494682503666631e+00,1.994564720324332541e+01,0.000000000000000000e+00
4.052209231953722401e+00,2.013219555286015705e+01,0.000000000000000000e+00
3.792182410458452946e+00,2.031506471012680493e+01,0.000000000000000000e+00
3.531475667774790494e+00,2.049429023200779554e+01,0.000000000000000000e+00
3.270146467744754482e+00,2.066990942279500132e+01,0.000000000000000000e+00
3.008253853235901332e+00,2.084195753585476396e+01,0.000000000000000000e+00
2.745849525830816429e+00,2.101047366958167828e+01,0.000000000000000000e+00
2.482989092676477938e+00,2.117549336543871519e+01,0.000000000000000000e+00
2.219723090659328157e+00,2.133705444242156091e+01,0.000000000000000000e+00
1.956100367628408776e+00,2.149519474063449920e+01,0.000000000000000000e+00
1.692170452289990745e+00,2.164995073627213173e+01,0.000000000000000000e+00
1.427978951434602850e+00,2.180136029234783379e+01,0.000000000000000000e+00
1.163569868577610356e+00,2.194946121160009866e+01,0.000000000000000000e+00
8.989868275776979889e-01,2.209429056508788136e+01,0.000000000000000000e+00
6.342731401506089828e-01,2.223588472167234542e+01,0.000000000000000000e+00
3.694670329044548729e-01,2.237428187762805010e+01,0.000000000000000000e+00
1.046100806860776472e-01,2.250951757501354322e+01,0.000000000000000000e+00
-1.602624111209502988e-01,2.264162972142702301e+01,0.000000000000000000e+00
-4.251141369761999300e-01,2.277065479929380842e+01,0.000000000000000000e+00
-6.899076926793338282e-01,2.289662795351668123e+01,0.000000000000000000e+00
-9.546107036324419370e-01,2.301958593537771947e+01,0.000000000000000000e+00
-1.219189644449949483e+00,2.313956412154814046e+01,0.000000000000000000e+00
-1.483614776006803471e+00,2.325659880257617118e+01,0.000000000000000000e+00
-1.747853865639616311e+00,2.337072436435013500e+01,0.000000000000000000e+00
-2.011878415702161416e+00,2.348197607400352283e+01,0.000000000000000000e+00
-2.275659873558351087e+00,2.359038840493994371e+01,0.000000000000000000e+00
-2.539169577091857199e+00,2.369599507569754593e+01,0.000000000000000000e+00
-2.802383848500363595e+00,2.379883107404701903e+01,0.000000000000000000e+00
-3.065275009821450070e+00,2.389892908489322920e+01,0.000000000000000000e+00
-3.327819033632752443e+00,2.399632253995870101e+01,0.000000000000000000e+00
-3.589994271257801461e+00,2.409104503474953773e+01,0.000000000000000000e+00
-3.851774918048812779e+00,2.418312799563298299e+01,0.000000000000000000e+00
-4.113140076466484274e+00,2.427260398218063742e+01,0.000000000000000000e+00
-4.374069857427685726e+00,2.435950522001270713e+01,0.000000000000000000e+00
-4.634542714837096788e+00,2.444386274693427552e+01,0.000000000000000000e+00
-4.894539356002110431e+00,2.452570774290818179e+01,0.000000000000000000e+00
-5.154041413381624359e+00,2.460507106715147430e+01,0.000000000000000000e+00
-5.413028755384534207e+00,2.468198246863865464e+01,0.000000000000000000e+00
-5.671486116617463047e+00,2.475647258188047317e+01,0.000000000000000000e+00
-5.929395085838941704e+00,2.482857054523191920e+01,0.000000000000000000e+00
-6.186739411507970132e+00,2.489830558602493937e+01,0.000000000000000000e+00
-6.443505002580557139e+00,2.496570696094521935e+01,0.000000000000000000e+00
-6.699674515400110053e+00,2.503080254439631958e+01,0.000000000000000000e+00
-6.955234065465078608e+00,2.509362061668808153e+01,0.000000000000000000e+00
-7.210171884799348341e+00,2.515418943645407879e+01,0.000000000000000000e+00
-7.464471505445559707e+00,2.521253564730849916e+01,0.000000000000000000e+00
-7.718121241243268038e+00,2.526868655649104412e+01,0.000000000000000000e+00
-7.971108742331534103e+00,2.532266882842514732e+01,0.000000000000000000e+00
-8.223422335461908261e+00,2.537450880734566638e+01,0.000000000000000000e+00
-8.475049633730618481e+00,2.542423224618853084e+01,0.000000000000000000e+00
-8.725980261725752030e+00,2.547186486491454005e+01,0.000000000000000000e+00
-8.976203094669784832e+00,2.551743180338070260e+01,0.000000000000000000e+00
-9.225708994668936569e+00,2.556095813939850458e+01,0.000000000000000000e+00
-9.474485271996693214e+00,2.560246793143734578e+01,0.000000000000000000e+00
-9.722526726721021362e+00,2.564198609097886106e+01,0.000000000000000000e+00
-9.969820418487504554e+00,2.567953586595223925e+01,0.000000000000000000e+00
-1.021635949240938501e+01,2.571514109424623840e+01,0.000000000000000000e+00
-1.046213485397153953e+01,2.574882488643619638e+01,0.000000000000000000e+00
-1.070713931825165410e+01,2.578061024961749936e+01,0.000000000000000000e+00
-1.095136481548170160e+01,2.581051970320599764e+01,0.000000000000000000e+00
-1.119480376719505443e+01,2.583857548168401053e+01,0.000000000000000000e+00
-1.143744907439731584e+01,2.586479953192729653e+01,0.000000000000000000e+00
-1.167929410587904648e+01,2.588921351071597954e+01,0.000000000000000000e+00
-1.192033268667095491e+01,2.591183878242372529e+01,0.000000000000000000e+00
-1.216055768483840005e+01,2.593269630008655113e+01,0.000000000000000000e+00
-1.239996380072865279e+01,2.595180686613541710e+01,0.000000000000000000e+00
-1.263854475393310572e+01,2.596919088706115986e+01,0.000000000000000000e+00
-1.287629467268672734e+01,2.598486850772957979e+01,0.000000000000000000e+00
-1.311320948931445862e+01,2.599885968771081934e+01,0.000000000000000000e+00
-1.334928412165792011e+01,2.601118401452631090e+01,0.000000000000000000e+00
-1.358451245960432807e+01,2.602186075011389121e+01,0.000000000000000000e+00
-1.381889016730524311e+01,2.603090897603708953e+01,0.000000000000000000e+00
-1.405241467661221577e+01,2.603834754450699762e+01,0.000000000000000000e+00
-1.428507954800279656e+01,2.604419490740277965e+01,0.000000000000000000e+00
-1.451688149735605471e+01,2.604846936285667880e+01,0.000000000000000000e+00
-1.474781757360042889e+01,2.605118893619462739e+01,0.000000000000000000e+00
-1.497788374145389412e+01,2.605237137654414781e+01,0.000000000000000000e+00
-1.520707628089884977e+01,2.605203419586858971e+01,0.000000000000000000e+00
-1.543539177924107975e+01,2.605019466801150330e+01,0.000000000000000000e+00
-1.566282712326676752e+01,2.604686982784214067e+01,0.000000000000000000e+00
-1.588937949149703499e+01,2.604207647049899776e+01,0.000000000000000000e+00
-1.611504493916170233e+01,2.603583119425646331e+01,0.000000000000000000e+00
-1.633982261361259702e+01,2.602815028759629712e+01,0.000000000000000000e+00
-1.656370911683271174e+01,2.601904988446981548e+01,0.000000000000000000e+00
-1.678670272069748393e+01,2.600854584239507261e+01,0.000000000000000000e+00
-1.700880054672629527e+01,2.599665385628708236e+01,0.000000000000000000e+00
-1.722999996703375558e+01,2.598338941433591032e+01,0.000000000000000000e+00
-1.745029859798015082e+01,2.596876779748965092e+01,0.000000000000000000e+00
-1.766969569678950691e+01,2.595280397245553772e+01,0.000000000000000000e+00
-1.788819074872578696e+01,2.593551266245328080e+01,0.000000000000000000e+00
-1.810577925741575811e+01,2.591690871998835277e+01,0.000000000000000000e+00
-1.832245975361978907e+01,2.589700659365519897e+01,0.000000000000000000e+00
-1.853823377921693094e+01,2.587582023975666701e+01,0.000000000000000000e+00
-1.875309608657182991e+01,2.585336408844396061e+01,0.000000000000000000e+00
-1.896704862573540140e+01,2.582965166973313131e+01,0.000000000000000000e+00
-1.918008795305286895e+01,2.580469690659867155e+01,0.000000000000000000e+00
-1.939221500674876353e+01,2.577851305305923191e+01,0.000000000000000000e+00
-1.960342672851228230e+01,2.575111367484111824e+01,0.000000000000000000e+00
-1.981372303271785995e+01,2.572251181042896562e+01,0.000000000000000000e+00
-2.002310261966503191e+01,2.569272049157619975e+01,0.000000000000000000e+00
-2.023156575287158887e+01,2.566175236501394608e+01,0.000000000000000000e+00
-2.043911147485798807e+01,2.562962008801122238e+01,0.000000000000000000e+00
-2.064573899450853744e+01,2.559633614343583474e+01,0.000000000000000000e+00
-2.085144630074141148e+01,2.556191307536317581e+01,0.000000000000000000e+00
-2.105623430712009281e+01,2.552636279913675565e+01,0.000000000000000000e+00
-2.126010407246386436e+01,2.548969702272504634e+01,0.000000000000000000e+00
-2.146305266840143844e+01,2.545192802831703105e+01,0.000000000000000000e+00
-2.166508007451374596e+01,2.541306745310633275e+01,0.000000000000000000e+00
-2.186618641051610368e+01,2.537312676065828398e+01,0.000000000000000000e+00
-2.206637330135345110e+01,2.533211695641216110e+01,0.000000000000000000e+00
-2.226563702631839092e+01,2.529005001204667380e+01,0.000000000000000000e+00
-2.246398084356715330e+01,2.524693631873948974e+01,0.000000000000000000e+00
-2.266140266693174610e+01,2.520278726671633152e+01,0.000000000000000000e+00
-2.285790326904260183e+01,2.515761350440897459e+01,0.000000000000000000e+00
-2.305348353866255096e+01,2.511142550854430056e+01,0.000000000000000000e+00
-2.324814176703362989e+01,2.506423425008659578e+01,0.000000000000000000e+00
-2.344187907905158497e+01,2.501604991104598597e+01,0.000000000000000000e+00
-2.363469535512928132e+01,2.496688285129321727e+01,0.000000000000000000e+00
-2.382659058783862704e+01,2.491674329189325121e+01,0.000000000000000000e+00
-2.401756622280898057e+01,2.486564095145240572e+01,0.000000000000000000e+00
-2.420762111754510926e+01,2.481358612271781894e+01,0.000000000000000000e+00
-2.439675558175168391e+01,2.476058861209300943e+01,0.000000000000000000e+00
-2.458497136015827778e+01,2.470665770144754347e+01,0.000000000000000000e+00
-2.477226894949518865e+01,2.465180289952210657e+01,0.000000000000000000e+00
-2.495864628049046985e+01,2.459603438252736751e+01,0.000000000000000000e+00
-2.514410670442966378e+01,2.453936061225667942e+01,0.000000000000000000e+00
-2.532864834194174364e+01,2.448179152263734082e+01,0.000000000000000000e+00
-2.551227338380972398e+01,2.442333569826963924e+01,0.000000000000000000e+00
-2.569498145589655991e+01,2.436400242261790439e+01,0.000000000000000000e+00
-2.587677358962264762e+01,2.430380043472616691e+01,0.000000000000000000e+00
-2.605764958221075744e+01,2.424273878593114517e+01,0.000000000000000000e+00
-2.623761193195332453e+01,2.418082551513773026e+01,0.000000000000000000e+00
-2.641665928343500269e+01,2.411806988227274928e+01,0.000000000000000000e+00
-2.659479297730339553e+01,2.405448013558678610e+01,0.000000000000000000e+00
-2.677201442007828902e+01,2.399006439081280107e+01,0.000000000000000000e+00
-2.694832249496600696e+01,2.392483159722670294e+01,0.000000000000000000e+00
-2.712372004342768861e+01,2.385878916019471419e+01,0.000000000000000000e+00
-2.729820609275995125e+01,2.379194581643332995e+01,0.000000000000000000e+00
-2.747178232008653254e+01,2.372430922085110439e+01,0.000000000000000000e+00
-2.764444917751563224e+01,2.365588740932585665e+01,0.000000000000000000e+00
-2.781620845832111399e+01,2.358668779838659191e+01,0.000000000000000000e+00
-2.798705819115853544e+01,2.351671925026780841e+01,0.000000000000000000e+00
-2.815700283404396842e+01,2.344598792314811320e+01,0.000000000000000000e+00
-2.832604054138029070e+01,2.337450248526345575e+01,0.000000000000000000e+00
-2.849417333529388685e+01,2.330226992361378890e+01,0.000000000000000000e+00
-2.866140076697133665e+01,2.322929820281029123e+01,0.000000000000000000e+00
-2.882772621260369661e+01,2.315559353867373460e+01,0.000000000000000000e+00
-2.899314807788882931e+01,2.308116425707452279e+01,0.000000000000000000e+00
-2.915766858181505583e+01,2.300601692241350449e+01,0.000000000000000000e+00
-2.932128873606915320e+01,2.293015855355019283e+01,0.000000000000000000e+00
-2.948400712814854430e+01,2.285359724313096308e+01,0.000000000000000000e+00
-2.964582857960488127e+01,2.277633807904389229e+01,0.000000000000000000e+00
-2.980675054297579507e+01,2.269838956578948697e+01,0.000000000000000000e+00
-2.996677545362324224e+01,2.261975776969516616e+01,0.000000000000000000e+00
-3.012590455117673471e+01,2.254044924704513875e+01,0.000000000000000000e+00
-3.028413911316497931e+01,2.246047045905815409e+01,0.000000000000000000e+00
-3.044147803380466044e+01,2.237982902109086325e+01,0.000000000000000000e+00
-3.059792389304334037e+01,2.229853061315285245e+01,0.000000000000000000e+00
-3.075347808544150752e+01,2.221658143309377920e+01,0.000000000000000000e+00
-3.090813964403264436e+01,2.213398887212242627e+01,0.000000000000000000e+00
-3.106191124350184651e+01,2.205075833021082587e+01,0.000000000000000000e+00
-3.121479319411190545e+01,2.196689640144029809e+01,0.000000000000000000e+00
-3.136678703403012491e+01,2.188240895097722216e+01,0.000000000000000000e+00
-3.151789314856377899e+01,2.179730242062687751e+01,0.000000000000000000e+00
-3.166811196540305318e+01,2.171158318579394120e+01,0.000000000000000000e+00
-3.181744629133873303e+01,2.162525619545893818e+01,0.000000000000000000e+00
-3.196589544276138639e+01,2.153832834296803256e+01,0.000000000000000000e+00
-3.211346111246621149e+01,2.145080509609041641e+01,0.000000000000000000e+00
-3.226014501164109305e+01,2.136269183360007418e+01,0.000000000000000000e+00
-3.240594656844903909e+01,2.127399525387032497e+01,0.000000000000000000e+00
-3.255086755543462829e+01,2.118472059480469483e+01,0.000000000000000000e+00
-3.269490861926769298e+01,2.109487372246641357e+01,0.000000000000000000e+00
-3.283807157457354009e+01,2.100445971772635900e+01,0.000000000000000000e+00
-3.298035711727178665e+01,2.091348430226102550e+01,0.000000000000000000e+00
-3.312176597347370688e+01,2.082195313486013077e+01,0.000000000000000000e+00
-3.326229889841182796e+01,2.072987181173044746e+01,0.000000000000000000e+00
-3.340195779093918560e+01,2.063724512243750553e+01,0.000000000000000000e+00
-3.354074344626624793e+01,2.054407852207425833e+01,0.000000000000000000e+00
-3.367865557996434944e+01,2.045037815989168806e+01,0.000000000000000000e+00
-3.381569725385757152e+01,2.035614786284203603e+01,0.000000000000000000e+00
-3.395186822703958285e+01,2.026139365271519566e+01,0.000000000000000000e+00
-3.408716939191887718e+01,2.016612074087545992e+01,0.000000000000000000e+00
-3.422160166271650894e+01,2.007033427859699870e+01,0.000000000000000000e+00
-3.435516705419922090e+01,1.997403857439984520e+01,0.000000000000000000e+00
-3.448786543113794067e+01,1.987723943267684135e+01,0.000000000000000000e+00
-3.461969883653672042e+01,1.977994103290491879e+01,0.000000000000000000e+00
-3.475066718239335017e+01,1.968214907274225922e+01,0.000000000000000000e+00
-3.488077253609219497e+01,1.958386760420985695e+01,0.000000000000000000e+00
-3.501001485326108309e+01,1.948510221955576682e+01,0.000000000000000000e+00
-3.513839517398665890e+01,1.938585765973288488e+01,0.000000000000000000e+00
-3.526591559522663033e+01,1.928613778857994276e+01,0.000000000000000000e+00
-3.539257613153240101e+01,1.918594804273903520e+01,0.000000000000000000e+00
-3.551837889498828815e+01,1.908529216271416118e+01,0.000000000000000000e+00
-3.564332290895203670e+01,1.898417631843677356e+01,0.000000000000000000e+00
-3.576741031355724942e+01,1.888260414387314867e+01,0.000000000000000000e+00
-3.589064323706025306e+01,1.878057919757510774e+01,0.000000000000000000e+00
-3.601301975615071171e+01,1.867810836432347088e+01,0.000000000000000000e+00
-3.613454404705310452e+01,1.857519340291361942e+01,0.000000000000000000e+00
-3.625521423578418023e+01,1.847184111927073147e+01,0.000000000000000000e+00
-3.637503348677390136e+01,1.836805399972865160e+01,0.000000000000000000e+00
-3.649400097659869857e+01,1.826383791734073725e+01,0.000000000000000000e+00
-3.661211887708600443e+01,1.815919610718002986e+01,0.000000000000000000e+00
-3.672938836611256619e+01,1.805413261182380324e+01,0.000000000000000000e+00
-3.684580868489805994e+01,1.794865318970897050e+01,0.000000000000000000e+00
-3.696138201698061465e+01,1.784276091905852724e+01,0.000000000000000000e+00
-3.707610956671192071e+01,1.773645970114967696e+01,0.000000000000000000e+00
-3.718999158713724995e+01,1.762975428417637502e+01,0.000000000000000000e+00
-3.730302930260307193e+01,1.752264848155500943e+01,0.000000000000000000e+00
-3.741522299642732463e+01,1.741514696342313684e+01,0.000000000000000000e+00
-3.752657484600253923e+01,1.730725254489614784e+01,0.000000000000000000e+00
-3.763708514497624691e+01,1.719896980563253663e+01,0.000000000000000000e+00
-3.774675420873386145e+01,1.709030329406074245e+01,0.000000000000000000e+00
-3.785558329184732429e+01,1.698125660256466674e+01,0.000000000000000000e+00
-3.796357364601011142e+01,1.687183327500773800e+01,0.000000000000000000e+00
-3.807072561328507732e+01,1.676203774083439413e+01,0.000000000000000000e+00
-3.817704045546432212e+01,1.665187346116545442e+01,0.000000000000000000e+00
-3.828251853543822847e+01,1.654134479200250851e+01,0.000000000000000000e+00
-3.838716201098419134e+01,1.643045416647679957e+01,0.000000000000000000e+00
-3.849096948133341556e+01,1.631920775698988280e+01,0.000000000000000000e+00
-3.859394486809105018e+01,1.620760601093069297e+01,0.000000000000000000e+00
-3.869608592288453508e+01,1.609565599288991322e+01,0.000000000000000000e+00
-3.879739567047695203e+01,1.598335900951247623e+01,0.000000000000000000e+00
-3.889787364725180652e+01,1.587072015821395787e+01,0.000000000000000000e+00
-3.899752198492330990e+01,1.575774161058686218e+01,0.000000000000000000e+00
-3.909634024442890166e+01,1.564442840346583097e+01,0.000000000000000000e+00
-3.919432970492366763e+01,1.553078360333705454e+01,0.000000000000000000e+00
-3.929149080185968046e+01,1.541681121616846539e+01,0.000000000000000000e+00
-3.938782563885498433e+01,1.530251324628791565e+01,0.000000000000000000e+00
-3.948333382040091522e+01,1.518789461238734262e+01,0.000000000000000000e+00
-3.957801580342457015e+01,1.507295922690405732e+01,0.000000000000000000e+00
-3.967187367447288437e+01,1.495770897825222434e+01,0.000000000000000000e+00
-3.976490787767119883e+01,1.484214770258235916e+01,0.000000000000000000e+00
-3.985711807268443607e+01,1.472628021591781255e+01,0.000000000000000000e+00
-3.994850632477077568e+01,1.461010829373952369e+01,0.000000000000000000e+00
-4.003907309284244320e+01,1.449363568296492488e+01,0.000000000000000000e+00
-4.012881884619870476e+01,1.437686610498943018e+01,0.000000000000000000e+00
-4.021774483499179098e+01,1.425980223515833423e+01,0.000000000000000000e+00
-4.030585076473042250e+01,1.414244875785477973e+01,0.000000000000000000e+00
-4.039313864995517633e+01,1.402480726338253270e+01,0.000000000000000000e+00
-4.047960820797883486e+01,1.390688238305225077e+01,0.000000000000000000e+00
-4.056526068085447889e+01,1.378867666820672433e+01,0.000000000000000000e+00
-4.065009729325016252e+01,1.367019263210250379e+01,0.000000000000000000e+00
-4.073411778691605178e+01,1.355143483365760382e+01,0.000000000000000000e+00
-4.081732266283865584e+01,1.343240677669598249e+01,0.000000000000000000e+00
-4.089971386847055612e+01,1.331310984475163828e+01,0.000000000000000000e+00
-4.098129188005322021e+01,1.319354747475072642e+01,0.000000000000000000e+00
-4.106205647349877808e+01,1.307372413567124880e+01,0.000000000000000000e+00
-4.114200885718440048e+01,1.295364217044534527e+01,0.000000000000000000e+00
-4.122114952561049250e+01,1.283330494783164433e+01,0.000000000000000000e+00
-4.129947966593989150e+01,1.271271474971279503e+01,0.000000000000000000e+00
-4.137699908306554875e+01,1.259187595862594122e+01,0.000000000000000000e+00
-4.145370963520990415e+01,1.247078973538507363e+01,0.000000000000000000e+00
-4.152961113006055172e+01,1.234946041602775857e+01,0.000000000000000000e+00
-4.160470406673501742e+01,1.222789125064511495e+01,0.000000000000000000e+00
-4.167898960271060815e+01,1.210608438818162114e+01,0.000000000000000000e+00
-4.175246822495898869e+01,1.198404302754733131e+01,0.000000000000000000e+00
-4.182514042379031594e+01,1.186177034700806487e+01,0.000000000000000000e+00
-4.189700669258658650e+01,1.173926950437481231e+01,0.000000000000000000e+00
-4.196806815547585501e+01,1.161654254554327714e+01,0.000000000000000000e+00
-4.203832466996853157e+01,1.149359367394015763e+01,0.000000000000000000e+00
-4.210777735169479286e+01,1.137042488994035772e+01,0.000000000000000000e+00
-4.217642729164643356e+01,1.124703816309840931e+01,0.000000000000000000e+00
-4.224427375196484036e+01,1.112343874121271270e+01,0.000000000000000000e+00
-4.231131902268879230e+01,1.099962634708664133e+01,0.000000000000000000e+00
-4.237756178739924451e+01,1.087560730170576662e+01,0.000000000000000000e+00
-4.244300429814504128e+01,1.075138127414185973e+01,0.000000000000000000e+00
-4.250764585486898284e+01,1.062695345094010158e+01,0.000000000000000000e+00
-4.257148751493311778e+01,1.050232567308459508e+01,0.000000000000000000e+00
-4.263452974805301210e+01,1.037750087189143677e+01,0.000000000000000000e+00
-4.269677357816216556e+01,1.025248083976337021e+01,0.000000000000000000e+00
-4.275821890704774120e+01,1.012726958898866592e+01,0.000000000000000000e+00
-4.281886674443835972e+01,1.000186887228102606e+01,0.000000000000000000e+00
-4.287871700453868584e+01,9.876282672672937579e+00,0.000000000000000000e+00
-4.293777068197741187e+01,9.750512704128391661e+00,0.000000000000000000e+00
-4.299602822283585368e+01,9.624561787781887645e+00,0.000000000000000000e+00
-4.305349007187848542e+01,9.498432728458643837e+00,0.000000000000000000e+00
-4.311015667235208326e+01,9.372128314881207345e+00,0.000000000000000000e+00
-4.316602846578959429e+01,9.245651319873037011e+00,0.000000000000000000e+00
-4.322110638474698874e+01,9.119003358116220426e+00,0.000000000000000000e+00
-4.327539036010702489e+01,8.992188309308927430e+00,0.000000000000000000e+00
-4.332888082707992794e+01,8.865208899920620667e+00,0.000000000000000000e+00
-4.338157869074358786e+01,8.738066692397310931e+00,0.000000000000000000e+00
-4.343348389507904272e+01,8.610765528030981386e+00,0.000000000000000000e+00
-4.348459732588002424e+01,8.483306935680968053e+00,0.000000000000000000e+00
-4.353491893499733578e+01,8.355694731954436349e+00,0.000000000000000000e+00
-4.358445003296898079e+01,8.227929255912844297e+00,0.000000000000000000e+00
-4.363319012026628485e+01,8.100015453422727774e+00,0.000000000000000000e+00
-4.368114004190790922e+01,7.971954789180261791e+00,0.000000000000000000e+00
-4.372830018751245973e+01,7.843749869655761486e+00,0.000000000000000000e+00
-4.377467094280891047e+01,7.715403288134184301e+00,0.000000000000000000e+00
-4.382025227936547651e+01,7.586918791668863626e+00,0.000000000000000000e+00
-4.386504540184454726e+01,7.458296616148216707e+00,0.000000000000000000e+00
-4.390905026631539698e+01,7.329540481475706137e+00,0.000000000000000000e+00
-4.395226724140583485e+01,7.200652930332856805e+00,0.000000000000000000e+00
-4.399469669109694081e+01,7.071636493287754455e+00,0.000000000000000000e+00
-4.403633934985962384e+01,6.942492513509249896e+00,0.000000000000000000e+00
-4.407719481440911125e+01,6.813225847332700980e+00,0.000000000000000000e+00
-4.411726381620061943e+01,6.683837816469007542e+00,0.000000000000000000e+00
-4.415654705352472575e+01,6.554329724819664804e+00,0.000000000000000000e+00
-4.419504449673078739e+01,6.424705222884192324e+00,0.000000000000000000e+00
-4.423275647899851037e+01,6.294966773191854159e+00,0.000000000000000000e+00
-4.426968366117797160e+01,6.165115642716334499e+00,0.000000000000000000e+00
-4.430582569160910822e+01,6.035156641475131423e+00,0.000000000000000000e+00
-4.434118354582069799e+01,5.905089829546508184e+00,0.000000000000000000e+00
-4.437575720063754403e+01,5.774918813453220778e+00,0.000000000000000000e+00
-4.440954696007816693e+01,5.644646005038979730e+00,0.000000000000000000e+00
-4.444255312198448848e+01,5.514273806649709009e+00,0.000000000000000000e+00
-4.447477597791198178e+01,5.383804611353991909e+00,0.000000000000000000e+00
-4.450621609698877990e+01,5.253239608612953582e+00,0.000000000000000000e+00
-4.453687318288410779e+01,5.122583561461738100e+00,0.000000000000000000e+00
-4.456674806852271331e+01,4.991836446180159648e+00,0.000000000000000000e+00
-4.459584073529035919e+01,4.861001815583773755e+00,0.000000000000000000e+00
-4.462415144174509152e+01,4.730082019764412671e+00,0.000000000000000000e+00
-4.465168043955696930e+01,4.599079400865084821e+00,0.000000000000000000e+00
-4.467842797341721450e+01,4.467996293301767174e+00,0.000000000000000000e+00
-4.470439428094987022e+01,4.336835023985895710e+00,0.000000000000000000e+00
-4.472957959262606664e+01,4.205597912547301753e+00,0.000000000000000000e+00
-4.475398391144363330e+01,4.074288476152816862e+00,0.000000000000000000e+00
-4.477760790089804743e+01,3.942906612304007741e+00,0.000000000000000000e+00
-4.480045133614840580e+01,3.811457030210684493e+00,0.000000000000000000e+00
-4.482251483741885778e+01,3.679939610543013107e+00,0.000000000000000000e+00
-4.484379819327871530e+01,3.548359053662403451e+00,0.000000000000000000e+00
-4.486430161097689506e+01,3.416717642692809420e+00,0.000000000000000000e+00
-4.488402564524809435e+01,3.285015235116359733e+00,0.000000000000000000e+00
-4.490296993386929358e+01,3.153257729769634476e+00,0.000000000000000000e+00
-4.492113517224779429e+01,3.021443761014192653e+00,0.000000000000000000e+00
-4.493852118143467322e+01,2.889578009718327678e+00,0.000000000000000000e+00
-4.495512812971964678e+01,2.757662732007508222e+00,0.000000000000000000e+00
-4.497095631936264937e+01,2.625698965833009879e+00,0.000000000000000000e+00
-4.498600588126673472e+01,2.493688956151233871e+00,0.000000000000000000e+00
-4.500027668293554228e+01,2.361637372938956592e+00,0.000000000000000000e+00
-4.501376912294383459e+01,2.229544026120525935e+00,0.000000000000000000e+00
-4.502648319445055591e+01,2.097412364357658543e+00,0.000000000000000000e+00
-4.503841901720989682e+01,1.965244618655222375e+00,0.000000000000000000e+00
-4.504957670273352477e+01,1.833043016589704033e+00,0.000000000000000000e+00
-4.505995644619074625e+01,1.700808565534520422e+00,0.000000000000000000e+00
-4.506955815147176025e+01,1.568545920498929380e+00,0.000000000000000000e+00
-4.507838200422995101e+01,1.436256083550431439e+00,0.000000000000000000e+00
-4.508642808265427959e+01,1.303941270812145836e+00,0.000000000000000000e+00
-4.509369645652749625e+01,1.171603696109452475e+00,0.000000000000000000e+00
-4.510018713102417820e+01,1.039246789827807493e+00,0.000000000000000000e+00
-4.510590022953007860e+01,9.068715437079943875e-01,0.000000000000000000e+00
-4.511083579647145569e+01,7.744801659460451848e-01,0.000000000000000000e+00
-4.511499383307496913e+01,6.420760825772824365e-01,0.000000000000000000e+00
-4.511837441579125851e+01,5.096602802837892909e-01,0.000000000000000000e+00
-4.512097754313816012e+01,3.772361831450229408e-01,0.000000000000000000e+00
-4.512280324697118061e+01,2.448059952764191360e-01,0.000000000000000000e+00
-4.512385155668422243e+01,1.123707005282200411e-01,0.000000000000000000e+00
-4.512412246666291793e+01,-2.006627853725276994e-02,0.000000000000000000e+00
-4.512361598313949429e+01,-1.525027390531593086e-01,0.000000000000000000e+00
-4.512233210380009041e+01,-2.849364781469359009e-01,0.000000000000000000e+00
-4.512027081778619930e+01,-4.173652927135722002e-01,0.000000000000000000e+00
-4.511743210569862583e+01,-5.497869791889183899e-01,0.000000000000000000e+00
-4.511381593960403080e+01,-6.821993333230305101e-01,0.000000000000000000e+00
-4.510942228304392643e+01,-8.146001499533710444e-01,0.000000000000000000e+00
-4.510425109104626529e+01,-9.469872227782681895e-01,0.000000000000000000e+00
-4.509830236848463159e+01,-1.079357125575166609e+00,0.000000000000000000e+00
-4.509157600936813992e+01,-1.211708868184619758e+00,0.000000000000000000e+00
-4.508407201592789448e+01,-1.344039021644316323e+00,0.000000000000000000e+00
-4.507579025095107994e+01,-1.476346591574138056e+00,0.000000000000000000e+00
-4.506673071410625653e+01,-1.608628145492183803e+00,0.000000000000000000e+00
-4.505689323705782101e+01,-1.740882683765998529e+00,0.000000000000000000e+00
-4.504627781701102407e+01,-1.873106769614652167e+00,0.000000000000000000e+00
-4.503488425462780498e+01,-2.005299397122060512e+00,0.000000000000000000e+00
-4.502271266030982844e+01,-2.137455908939119187e+00,0.000000000000000000e+00
-4.500976270260080270e+01,-2.269576508376004220e+00,0.000000000000000000e+00
-4.499603437414801732e+01,-2.401657747813164434e+00,0.000000000000000000e+00
-4.498152755100825573e+01,-2.533697391949741196e+00,0.000000000000000000e+00
-4.496624224518347290e+01,-2.665691988392513867e+00,0.000000000000000000e+00
-4.495017803541866641e+01,-2.797641720886497652e+00,0.000000000000000000e+00
-4.493333491042086081e+01,-2.929543127959934434e+00,0.000000000000000000e+00
-4.491571287941726354e+01,-3.061392746241870633e+00,0.000000000000000000e+00
-4.489731162696281075e+01,-3.193189531365953737e+00,0.000000000000000000e+00
-4.487813098094471087e+01,-3.324931221398144565e+00,0.000000000000000000e+00
-4.485817076141335491e+01,-3.456615549161845991e+00,0.000000000000000000e+00
-4.483743097460748572e+01,-3.588239034034062414e+00,0.000000000000000000e+00
-4.481591124534976700e+01,-3.719800607402529824e+00,0.000000000000000000e+00
-4.479361157873132981e+01,-3.851296778907320029e+00,0.000000000000000000e+00
-4.477053157010849560e+01,-3.982726466324526982e+00,0.000000000000000000e+00
-4.474667122368489913e+01,-4.114086168785958897e+00,0.000000000000000000e+00
-4.472203010564898307e+01,-4.245374789433133067e+00,0.000000000000000000e+00
-4.469660821959633523e+01,-4.376588816122629844e+00,0.000000000000000000e+00
-4.467040510286778243e+01,-4.507727136339884311e+00,0.000000000000000000e+00
-4.464342075875072169e+01,-4.638786225898533289e+00,0.000000000000000000e+00
-4.461565495391214142e+01,-4.769763756621106410e+00,0.000000000000000000e+00
-4.458710744797037506e+01,-4.900657392815582547e+00,0.000000000000000000e+00
-4.455777772160567451e+01,-5.031465987694773823e+00,0.000000000000000000e+00
-4.452766577845368090e+01,-5.162185990788061396e+00,0.000000000000000000e+00
-4.449677135754443924e+01,-5.292815042431743500e+00,0.000000000000000000e+00
-4.446509419123074025e+01,-5.423350774559566823e+00,0.000000000000000000e+00
-4.443263400528747553e+01,-5.553790810481347151e+00,0.000000000000000000e+00
-4.439939021175553790e+01,-5.684133954881898987e+00,0.000000000000000000e+00
-4.436536313103935214e+01,-5.814375431340412348e+00,0.000000000000000000e+00
-4.433055184825773409e+01,-5.944515214966543226e+00,0.000000000000000000e+00
-4.429495637119719476e+01,-6.074549702051009525e+00,0.000000000000000000e+00
-4.425857639434602930e+01,-6.204476469377981473e+00,0.000000000000000000e+00
-4.422141160626806311e+01,-6.334293083785900613e+00,0.000000000000000000e+00
-4.418346168972109211e+01,-6.463997101948010915e+00,0.000000000000000000e+00
-4.414472596535873805e+01,-6.593587250049226967e+00,0.000000000000000000e+00
-4.410520481053232800e+01,-6.723058702382976648e+00,0.000000000000000000e+00
-4.406489717149477059e+01,-6.852411341940848999e+00,0.000000000000000000e+00
-4.402380344285251113e+01,-6.981640327566521087e+00,0.000000000000000000e+00
-4.398192253241209215e+01,-7.110745513421340647e+00,0.000000000000000000e+00
-4.393925446116475086e+01,-7.239723213850459693e+00,0.000000000000000000e+00
-4.389579887479172982e+01,-7.368570908169248312e+00,0.000000000000000000e+00
-4.385155500894570224e+01,-7.497287231798074991e+00,0.000000000000000000e+00
-4.380652289130048160e+01,-7.625868468365116115e+00,0.000000000000000000e+00
-4.376070215371414207e+01,-7.754312060728135059e+00,0.000000000000000000e+00
-4.371409242372440218e+01,-7.882615439194149864e+00,0.000000000000000000e+00
-4.366669289167451495e+01,-8.010777181820593285e+00,0.000000000000000000e+00
-4.361850359610612315e+01,-8.138793528747987338e+00,0.000000000000000000e+00
-4.356952415254259847e+01,-8.266661871251528737e+00,0.000000000000000000e+00
-4.351975371905043488e+01,-8.394380741759807307e+00,0.000000000000000000e+00
-4.346919188323931849e+01,-8.521947498376929886e+00,0.000000000000000000e+00
-4.341783869694936016e+01,-8.649358334757952349e+00,0.000000000000000000e+00
-4.336569328754371355e+01,-8.776611735407621850e+00,0.000000000000000000e+00
-4.331275523317645337e+01,-8.903705015828588643e+00,0.000000000000000000e+00
-4.325902410920701158e+01,-9.030635476870010336e+00,0.000000000000000000e+00
-4.320449998338701647e+01,-9.157399262740510082e+00,0.000000000000000000e+00
-4.314918194470746471e+01,-9.283994790616810988e+00,0.000000000000000000e+00
-4.309306905252122988e+01,-9.410420453488695713e+00,0.000000000000000000e+00
-4.303616136784168589e+01,-9.536672349723991360e+00,0.000000000000000000e+00
-4.297845845480814120e+01,-9.662747703772760488e+00,0.000000000000000000e+00
-4.291995987588776273e+01,-9.788643724183227590e+00,0.000000000000000000e+00
-4.286066465614822363e+01,-9.914358731234043987e+00,0.000000000000000000e+00
-4.280057287766219076e+01,-1.003988876834339727e+01,0.000000000000000000e+00
-4.273968354962299543e+01,-1.016523211795887960e+01,0.000000000000000000e+00
-4.267799620955190676e+01,-1.029038591537223724e+01,0.000000000000000000e+00
-4.261551039438047894e+01,-1.041534727875751898e+01,0.000000000000000000e+00
-4.255222621041541942e+01,-1.054011219363620455e+01,0.000000000000000000e+00
-4.248814206128869131e+01,-1.066467997660603828e+01,0.000000000000000000e+00
-4.242325746326256564e+01,-1.078904768548426496e+01,0.000000000000000000e+00
-4.235757311278936754e+01,-1.091321014508885767e+01,0.000000000000000000e+00
-4.229108677741381683e+01,-1.103716770721646867e+01,0.000000000000000000e+00
-4.222379916162919500e+01,-1.116091516271367112e+01,0.000000000000000000e+00
-4.215570919451092635e+01,-1.128445060337762840e+01,0.000000000000000000e+00
-4.208681639634022531e+01,-1.140777099465632993e+01,0.000000000000000000e+00
-4.201711966562146472e+01,-1.153087437653339542e+01,0.000000000000000000e+00
-4.194661913596156921e+01,-1.165375657670006149e+01,0.000000000000000000e+00
-4.187531369642641721e+01,-1.177641559050346665e+01,0.000000000000000000e+00
-4.180320349828004822e+01,-1.189884721197921458e+01,0.000000000000000000e+00
-4.173028677240575490e+01,-1.202105047294662477e+01,0.000000000000000000e+00
-4.165656366892083184e+01,-1.214302112418247503e+01,0.000000000000000000e+00
-4.158203370449292180e+01,-1.226475598390067390e+01,0.000000000000000000e+00
-4.150669572964192611e+01,-1.238625292261929367e+01,0.000000000000000000e+00
-4.143054924843581688e+01,-1.250750870781983259e+01,0.000000000000000000e+00
-4.135359376896246175e+01,-1.262852008577187668e+01,0.000000000000000000e+00
-4.127582880361011775e+01,-1.274928378134540630e+01,0.000000000000000000e+00
-4.119725317366576434e+01,-1.286979755822953209e+01,0.000000000000000000e+00
-4.111786638146512018e+01,-1.299005808829150688e+01,0.000000000000000000e+00
-4.103766793458499507e+01,-1.311006202125332365e+01,0.000000000000000000e+00
-4.095665734613803011e+01,-1.322980598451115064e+01,0.000000000000000000e+00
-4.087483341346990073e+01,-1.334928763028434417e+01,0.000000000000000000e+00
-4.079219491428559508e+01,-1.346850457470754669e+01,0.000000000000000000e+00
-4.070874281052746824e+01,-1.358745127553692278e+01,0.000000000000000000e+00
-4.062447515882465865e+01,-1.370612634314278822e+01,0.000000000000000000e+00
-4.053939221354415423e+01,-1.382452523590050930e+01,0.000000000000000000e+00
-4.045349200113030008e+01,-1.394264649307636184e+01,0.000000000000000000e+00
-4.036677402495683964e+01,-1.406048654859501212e+01,0.000000000000000000e+00
-4.027923856310543727e+01,-1.417804078887726327e+01,0.000000000000000000e+00
-4.019088438217647763e+01,-1.429530662938311281e+01,0.000000000000000000e+00
-4.010171023236160437e+01,-1.441228144665355337e+01,0.000000000000000000e+00
-4.001171563331170233e+01,-1.452896156547566164e+01,0.000000000000000000e+00
-3.992090011443767850e+01,-1.464534328545006403e+01,0.000000000000000000e+00
-3.982926241732609896e+01,-1.476142388576804443e+01,0.000000000000000000e+00
-3.973680287738243777e+01,-1.487719860273412742e+01,0.000000000000000000e+00
-3.964351943459694638e+01,-1.499266565413992502e+01,0.000000000000000000e+00
-3.954941162366828422e+01,-1.510782121423974367e+01,0.000000000000000000e+00
-3.945447899105243295e+01,-1.522266143090522483e+01,0.000000000000000000e+00
-3.935872026627912845e+01,-1.533718341133426222e+01,0.000000000000000000e+00
-3.926213583715784239e+01,-1.545138225647768770e+01,0.000000000000000000e+00
-3.916472276357109195e+01,-1.556525696803679359e+01,0.000000000000000000e+00
-3.906648228265021316e+01,-1.567880160285363011e+01,0.000000000000000000e+00
-3.896741313354549163e+01,-1.579201313216135638e+01,0.000000000000000000e+00
-3.886751404517700337e+01,-1.590488848351364837e+01,0.000000000000000000e+00
-3.876678373681919965e+01,-1.601742454030618035e+01,0.000000000000000000e+00
-3.866522179058680564e+01,-1.612961718355176544e+01,0.000000000000000000e+00
-3.856282780432606216e+01,-1.624146226575727781e+01,0.000000000000000000e+00
-3.845960050806764485e+01,-1.635295656019975397e+01,0.000000000000000000e+00
-3.835553951436015296e+01,-1.646409584931260284e+01,0.000000000000000000e+00
-3.825064355690905415e+01,-1.657487682735998291e+01,0.000000000000000000e+00
-3.814491226502903487e+01,-1.668529520556806034e+01,0.000000000000000000e+00
-3.803834347038779384e+01,-1.679534853025977625e+01,0.000000000000000000e+00
-3.793093771720359797e+01,-1.690503149929483584e+01,0.000000000000000000e+00
-3.782269283342690613e+01,-1.701434156863548353e+01,0.000000000000000000e+00
-3.771360939630491771e+01,-1.712327337122332338e+01,0.000000000000000000e+00
-3.760368616390279328e+01,-1.723182335658673381e+01,0.000000000000000000e+00
-3.749292095421701276e+01,-1.733998883594094664e+01,0.000000000000000000e+00
-3.738131438931477390e+01,-1.744776433632750567e+01,0.000000000000000000e+00
-3.726886428960130360e+01,-1.755514707503000338e+01,0.000000000000000000e+00
-3.715557131575172889e+01,-1.766213151164848227e+01,0.000000000000000000e+00
-3.704143329308385546e+01,-1.776871476822361373e+01,0.000000000000000000e+00
-3.692644899068659470e+01,-1.787489301053467372e+01,0.000000000000000000e+00
-3.681061912290525129e+01,-1.798066058823686575e+01,0.000000000000000000e+00
-3.669394151878963584e+01,-1.808601447087275460e+01,0.000000000000000000e+00
-3.657641497058072844e+01,-1.819095068439798624e+01,0.000000000000000000e+00
-3.645804025190617637e+01,-1.829546346613617303e+01,0.000000000000000000e+00
-3.633881420723231770e+01,-1.839955049327662095e+01,0.000000000000000000e+00
-3.621873764169754395e+01,-1.850320591726839581e+01,0.000000000000000000e+00
-3.609780839350263903e+01,-1.860642643638712102e+01,0.000000000000000000e+00
-3.597602630756031772e+01,-1.870920697833026836e+01,0.000000000000000000e+00
-3.585339024125142515e+01,-1.881154328042955370e+01,0.000000000000000000e+00
-3.572989905982652914e+01,-1.891343102580725244e+01,0.000000000000000000e+00
-3.560555163722251848e+01,-1.901486584296694105e+01,0.000000000000000000e+00
-3.548034685688798362e+01,-1.911584330538877197e+01,0.000000000000000000e+00
-3.535428465136889287e+01,-1.921635810760974294e+01,0.000000000000000000e+00
-3.522736394188209630e+01,-1.931640572729712346e+01,0.000000000000000000e+00
-3.509958261200422669e+01,-1.941598239930033998e+01,0.000000000000000000e+00
-3.497094064644077349e+01,-1.951508266525629409e+01,0.000000000000000000e+00
-3.484143700478909977e+01,-1.961370183353336927e+01,0.000000000000000000e+00
-3.471107066117286877e+01,-1.971183515533195418e+01,0.000000000000000000e+00
-3.457984060513859959e+01,-1.980947782430643045e+01,0.000000000000000000e+00
-3.444774476650173511e+01,-1.990662576295613206e+01,0.000000000000000000e+00
-3.431478431528594086e+01,-2.000327246980640084e+01,0.000000000000000000e+00
-3.418095613550157452e+01,-2.009941453171744286e+01,0.000000000000000000e+00
-3.404626036371331566e+01,-2.019504612159593293e+01,0.000000000000000000e+00
-3.391069608049393480e+01,-2.029016213974388450e+01,0.000000000000000000e+00
-3.377426128554314744e+01,-2.038475818620256064e+01,0.000000000000000000e+00
-3.363695619420953875e+01,-2.047882827089368263e+01,0.000000000000000000e+00
-3.349877884113407589e+01,-2.057236786211245416e+01,0.000000000000000000e+00
-3.335972949898918927e+01,-2.066537085955326702e+01,0.000000000000000000e+00
-3.321980624146436867e+01,-2.075783259828236993e+01,0.000000000000000000e+00
-3.307900714839369982e+01,-2.084974832913759712e+01,0.000000000000000000e+00
-3.293733257104690892e+01,-2.094111176699485100e+01,0.000000000000000000e+00
-3.279478177189409394e+01,-2.103191730714549479e+01,0.000000000000000000e+00
-3.265135290097263976e+01,-2.112215999627044027e+01,0.000000000000000000e+00
-3.250704526594969224e+01,-2.121183408671647541e+01,0.000000000000000000e+00
-3.236185705473499041e+01,-2.130093446967470783e+01,0.000000000000000000e+00
-3.221578878130132750e+01,-2.138945455645081850e+01,0.000000000000000000e+00
-3.206883752979742042e+01,-2.147738978900234841e+01,0.000000000000000000e+00
-3.192100387867854039e+01,-2.156473344416108873e+01,0.000000000000000000e+00
-3.177228729130333207e+01,-2.165147943627754401e+01,0.000000000000000000e+00
-3.162268491844267970e+01,-2.173762295922562160e+01,0.000000000000000000e+00
-3.147219627184814073e+01,-2.182315776061444978e+01,0.000000000000000000e+00
-3.132082208774603771e+01,-2.190807686218830952e+01,0.000000000000000000e+00
-3.116855959558732891e+01,-2.199237520573906224e+01,0.000000000000000000e+00
-3.101540722439583675e+01,-2.207604696965179869e+01,0.000000000000000000e+00
-3.086136582493307046e+01,-2.215908495782072407e+01,0.000000000000000000e+00
-3.070643390673200201e+01,-2.224148320223046937e+01,0.000000000000000000e+00
-3.055061000819506489e+01,-2.232323564240222069e+01,0.000000000000000000e+00
-3.039389390928917223e+01,-2.240433550242048710e+01,0.000000000000000000e+00
-3.023628300865193452e+01,-2.248477717040956847e+01,0.000000000000000000e+00
-3.007777838045154084e+01,-2.256455308609851684e+01,0.000000000000000000e+00
-2.991837749649013745e+01,-2.264365745568473542e+01,0.000000000000000000e+00
-2.975808153309388260e+01,-2.272208257472825821e+01,0.000000000000000000e+00
-2.959688680905211910e+01,-2.279982305602547044e+01,0.000000000000000000e+00
-2.943479335964679677e+01,-2.287687161368255673e+01,0.000000000000000000e+00
-2.927180127882908778e+01,-2.295322089178619152e+01,0.000000000000000000e+00
-2.910790947578687948e+01,-2.302886403456576048e+01,0.000000000000000000e+00
-2.894311565610810888e+01,-2.310379465288360734e+01,0.000000000000000000e+00
-2.877742006223746429e+01,-2.317800511954432352e+01,0.000000000000000000e+00
-2.861082174482046270e+01,-2.325148828640481113e+01,0.000000000000000000e+00
-2.844331980532072635e+01,-2.332423690701149610e+01,0.000000000000000000e+00
-2.827491213320904251e+01,-2.339624417268654710e+01,0.000000000000000000e+00
-2.810560046279977442e+01,-2.346750155921780490e+01,0.000000000000000000e+00
-2.793538152625954041e+01,-2.353800258880894347e+01,0.000000000000000000e+00
-2.776425591223442169e+01,-2.360773908103607255e+01,0.000000000000000000e+00
-2.759222172530669681e+01,-2.367670380051245616e+01,0.000000000000000000e+00
-2.741927968488525380e+01,-2.374488837950567088e+01,0.000000000000000000e+00
-2.724542801535650938e+01,-2.381228536679303787e+01,0.000000000000000000e+00
-2.707066499327588360e+01,-2.387888718147688039e+01,0.000000000000000000e+00
-2.689499153855861380e+01,-2.394468515117251428e+01,0.000000000000000000e+00
-2.671840735859188243e+01,-2.400967100314559843e+01,0.000000000000000000e+00
-2.654090963126088454e+01,-2.407383729462785382e+01,0.000000000000000000e+00
-2.636249949659246639e+01,-2.413717504533962099e+01,0.000000000000000000e+00
-2.618317426177236129e+01,-2.419967655578711074e+01,0.000000000000000000e+00
-2.600293522164923132e+01,-2.426133263140020446e+01,0.000000000000000000e+00
-2.582178113747524151e+01,-2.432213487701291754e+01,0.000000000000000000e+00
-2.563971216025767674e+01,-2.438207433420531700e+01,0.000000000000000000e+00
-2.545672588595507335e+01,-2.444114278461171352e+01,0.000000000000000000e+00
-2.527282394795355458e+01,-2.449933060121141537e+01,0.000000000000000000e+00
-2.508800277489899244e+01,-2.455662971098357161e+01,0.000000000000000000e+00
-2.490226550583147258e+01,-2.461302984657650583e+01,0.000000000000000000e+00
-2.471560873437605466e+01,-2.466852265636504171e+01,0.000000000000000000e+00
-2.452803312778602773e+01,-2.472309843817486197e+01,0.000000000000000000e+00
-2.433953945645547634e+01,-2.477674738362764018e+01,0.000000000000000000e+00
-2.415012591208844128e+01,-2.482946031667911058e+01,0.000000000000000000e+00
-2.395979211714453783e+01,-2.488122753175076696e+01,0.000000000000000000e+00
-2.376853779445247383e+01,-2.493203918558559096e+01,0.000000000000000000e+00
-2.357636277032835181e+01,-2.498188529692058424e+01,0.000000000000000000e+00
-2.338326833078181721e+01,-2.503075540799156684e+01,0.000000000000000000e+00
-2.318925181510737588e+01,-2.507863994489742154e+01,0.000000000000000000e+00
-2.299431472959007650e+01,-2.512552816463247041e+01,0.000000000000000000e+00
-2.279845598580811838e+01,-2.517140984564741046e+01,0.000000000000000000e+00
-2.260167596838015669e+01,-2.521627428873603449e+01,0.000000000000000000e+00
-2.240397381983277114e+01,-2.526011095355940483e+01,0.000000000000000000e+00
-2.220535153570842013e+01,-2.530290854693893010e+01,0.000000000000000000e+00
-2.200580714106093083e+01,-2.534465651502836181e+01,0.000000000000000000e+00
-2.180534289367239609e+01,-2.538534327638489785e+01,0.000000000000000000e+00
-2.160395707471180415e+01,-2.542495794000363674e+01,0.000000000000000000e+00
-2.140164946624240727e+01,-2.546348915124616852e+01,0.000000000000000000e+00
-2.119842274459729126e+01,-2.550092488271435798e+01,0.000000000000000000e+00
-2.099427560214375532e+01,-2.553725372341905953e+01,0.000000000000000000e+00
-2.078920825116386339e+01,-2.557246382245870819e+01,0.000000000000000000e+00
-2.058322105386379874e+01,-2.560654315485946242e+01,0.000000000000000000e+00
-2.037631591274856646e+01,-2.563947930511223561e+01,0.000000000000000000e+00
-2.016849212067536357e+01,-2.567126013275027674e+01,0.000000000000000000e+00
-1.995975051618637153e+01,-2.570187308980777630e+01,0.000000000000000000e+00
-1.975009349668438929e+01,-2.573130526290182374e+01,0.000000000000000000e+00
-1.953951946093935277e+01,-2.575954414536511194e+01,0.000000000000000000e+00
-1.932802976074465207e+01,-2.578657664011565132e+01,0.000000000000000000e+00
-1.911562732564352274e+01,-2.581238931030097206e+01,0.000000000000000000e+00
-1.890231108788540482e+01,-2.583696904880111234e+01,0.000000000000000000e+00
-1.868808295716710077e+01,-2.586030220930636503e+01,0.000000000000000000e+00
-1.847294364161417590e+01,-2.588237511041747396e+01,0.000000000000000000e+00
-1.825689544758389360e+01,-2.590317373143779633e+01,0.000000000000000000e+00
-1.803993808691823730e+01,-2.592268412105171649e+01,0.000000000000000000e+00
-1.782207568346816728e+01,-2.594089174575833923e+01,0.000000000000000000e+00
-1.760330697129387545e+01,-2.595778234971777110e+01,0.000000000000000000e+00
-1.738363651439716406e+01,-2.597334101788334593e+01,0.000000000000000000e+00
-1.716306489621329945e+01,-2.598755295648553343e+01,0.000000000000000000e+00
-1.694159293025196078e+01,-2.600040312828773281e+01,0.000000000000000000e+00
-1.671922307312795652e+01,-2.601187618459060857e+01,0.000000000000000000e+00
-1.649595943432813883e+01,-2.602195651059086856e+01,0.000000000000000000e+00
-1.627180215654047402e+01,-2.603062847089335463e+01,0.000000000000000000e+00
-1.604675445290477853e+01,-2.603787606983495451e+01,0.000000000000000000e+00
-1.582081980262386267e+01,-2.604368310625855898e+01,0.000000000000000000e+00
-1.559400054954391379e+01,-2.604803319669801809e+01,0.000000000000000000e+00
-1.536629790807165641e+01,-2.605090973008701027e+01,0.000000000000000000e+00
-1.513771619518336031e+01,-2.605229581030344477e+01,0.000000000000000000e+00
-1.490825861406819897e+01,-2.605217433333938715e+01,0.000000000000000000e+00
-1.467792866970098764e+01,-2.605052795648690278e+01,0.000000000000000000e+00
-1.444673017671616044e+01,-2.604733909922267898e+01,0.000000000000000000e+00
-1.421466585963369589e+01,-2.604258991067851881e+01,0.000000000000000000e+00
-1.398174017743912678e+01,-2.603626230943621778e+01,0.000000000000000000e+00
-1.374795651652559414e+01,-2.602833792689573400e+01,0.000000000000000000e+00
-1.351332001446107256e+01,-2.601879818492666629e+01,0.000000000000000000e+00
-1.327783475451885309e+01,-2.600762420169559874e+01,0.000000000000000000e+00
-1.304150518278666304e+01,-2.599479682638967404e+01,0.000000000000000000e+00
-1.280433752202749886e+01,-2.598029673124412753e+01,0.000000000000000000e+00
-1.256633416290529404e+01,-2.596410405988438441e+01,0.000000000000000000e+00
-1.232750350503279968e+01,-2.594619905419703443e+01,0.000000000000000000e+00
-1.208784873567642748e+01,-2.592656129179463065e+01,0.000000000000000000e+00
-1.184737626285424561e+01,-2.590517027052226240e+01,0.000000000000000000e+00
-1.160609291667923593e+01,-2.588200522910723222e+01,0.000000000000000000e+00
-1.136400456186201602e+01,-2.585704500026227137e+01,0.000000000000000000e+00
