# X, Y, Xs, Ys, Zs, Xv, Yv, Zv
-1.548030979004589858e+00,3.981982867891278310e-01,1.356739324734439922e+00,-6.878347250732165241e-01,-4.910229966735714102e-01,2.628019377492312625e+00,1.216997704015292392e+00,-1.237201141685124739e+00
-1.556672484725056815e+00,3.922764717767342479e-01,1.365455505607724218e+00,-6.837275411683902959e-01,-4.951342915442908388e-01,2.584299087851521293e+00,1.239026215958725308e+00,-1.221362821879526273e+00
-1.565147850482587977e+00,3.863127697665131310e-01,1.374025957494873662e+00,-6.795473648762743180e-01,-4.991927453148217730e-01,2.540860442097734762e+00,1.260643295535530672e+00,-1.205596285859720007e+00
-1.573458243469878060e+00,3.803083543902981423e-01,1.382451580839467953e+00,-6.752955669984948006e-01,-5.031985812668877678e-01,2.497695070018936647e+00,1.281859882267788908e+00,-1.189899255748264162e+00
-1.581604822093909402e+00,3.742643514264180626e-01,1.390733274780794115e+00,-6.709734699466811669e-01,-5.071520275662343424e-01,2.454794698786419982e+00,1.302686535912284560e+00,-1.174269451835650013e+00
-1.589588733946825760e+00,3.681818399116522644e-01,1.398871935146261514e+00,-6.665823484350895667e-01,-5.110533163441137727e-01,2.412151150098318375e+00,1.323133450773761766e+00,-1.158704592990212001e+00
-1.597410887857765083e+00,3.620620324382559652e-01,1.406868221154187859e+00,-6.621235613257018260e-01,-5.149025711954402507e-01,2.369757571289250020e+00,1.343209888572705957e+00,-1.143202848611713840e+00
-1.605072859813577058e+00,3.559055612672719082e-01,1.414723482220193951e+00,-6.575980302365925789e-01,-5.187002538411069619e-01,2.327603494268353224e+00,1.362926522662182505e+00,-1.127761032348638892e+00
-1.612575087118640838e+00,3.497139145156908380e-01,1.422437908640370230e+00,-6.530072916949607453e-01,-5.224462715510587163e-01,2.285684702268819812e+00,1.382290812212548792e+00,-1.112378215251676350e+00
-1.619918678542326518e+00,3.434880053333242977e-01,1.430012384086100541e+00,-6.483524510506573080e-01,-5.261408703714011148e-01,2.243993353353303633e+00,1.401311667413455142e+00,-1.097052112958872616e+00
-1.627104933674624387e+00,3.372285194475613257e-01,1.437447998257271875e+00,-6.436344286490498501e-01,-5.297844033952600062e-01,2.202520461731553247e+00,1.419998241782535864e+00,-1.081779989361435934e+00
-1.634134701960052505e+00,3.309364706933419220e-01,1.444745384064212823e+00,-6.388543779401036904e-01,-5.333770062506901777e-01,2.161259574086324964e+00,1.438358281884780876e+00,-1.066560011079699333e+00
-1.641008623008224365e+00,3.246130289580066997e-01,1.451904961049599319e+00,-6.340135640652242444e-01,-5.369187126721455261e-01,2.120205525136227287e+00,1.456398748085099948e+00,-1.051390795945100765e+00
-1.647727741052134487e+00,3.182589570432106107e-01,1.458927575085058992e+00,-6.291129331996325735e-01,-5.404097707373424209e-01,2.079350768893954982e+00,1.474127437517524619e+00,-1.036270058635652358e+00
-1.654292880012693034e+00,3.118751722363654055e-01,1.465813849333773566e+00,-6.241535396556625592e-01,-5.438503231172763241e-01,2.038689047281896816e+00,1.491551362425089344e+00,-1.021195965134539252e+00
-1.660704852756561323e+00,3.054625612392951051e-01,1.472564401162260950e+00,-6.191364057655738273e-01,-5.472405136440290363e-01,1.998214163049538250e+00,1.508677306432064658e+00,-1.006166681244392347e+00
-1.666964646549681017e+00,2.990217861425402690e-01,1.479180038586523027e+00,-6.140623684249898462e-01,-5.505805868043687212e-01,1.957918764161813208e+00,1.525512335743068881e+00,-9.911799208476143042e-01
-1.673072853906919510e+00,2.925538668988970636e-01,1.485661159207163129e+00,-6.089325373765419602e-01,-5.538705845819371643e-01,1.917797985729304600e+00,1.542062280709027178e+00,-9.762343007728702116e-01
-1.679030068961692379e+00,2.860598007935277187e-01,1.492008165281494936e+00,-6.037480005586898235e-01,-5.571105533574733926e-01,1.877847010645325332e+00,1.558332792825360302e+00,-9.613284377895818800e-01
-1.684837410012795189e+00,2.795399664145817864e-01,1.498222024163705868e+00,-5.985093435848055643e-01,-5.603008325481796392e-01,1.838057442180294432e+00,1.574330798721031321e+00,-9.464595925924801367e-01
-1.690495434990629819e+00,2.729953056261328337e-01,1.504303112849748159e+00,-5.932175933185025452e-01,-5.634414648089246525e-01,1.798424568090280840e+00,1.590061547220309679e+00,-9.316263806808924297e-01
-1.696004700556833278e+00,2.664267395904951208e-01,1.510251810081805868e+00,-5.878737561790986499e-01,-5.665324958201444216e-01,1.758943718620633589e+00,1.605530125634543115e+00,-9.168274172241359654e-01
-1.701366085669078210e+00,2.598347641444798684e-01,1.516068848364920063e+00,-5.824784859051375108e-01,-5.695741589978100539e-01,1.719607856445872995e+00,1.620742389918804927e+00,-9.020604120942073978e-01
-1.706579959246893763e+00,2.532204571062222631e-01,1.521754413148929341e+00,-5.770329054677219016e-01,-5.725664059910003933e-01,1.680413603624733465e+00,1.635702622945449658e+00,-8.873244312068349071e-01
-1.711647164758713036e+00,2.465842673721581335e-01,1.527309211139186385e+00,-5.715376159433009917e-01,-5.755094653202924571e-01,1.641354009568956496e+00,1.650416335619052655e+00,-8.726171820389532208e-01
-1.716568208523444383e+00,2.399270282496004381e-01,1.532733587463602998e+00,-5.659935282962706982e-01,-5.784033793000905588e-01,1.602424571119595686e+00,1.664887957821672426e+00,-8.579372757552780060e-01
-1.721343591621324887e+00,2.332495552497243774e-01,1.538027884966137959e+00,-5.604015351142155321e-01,-5.812481913504896625e-01,1.563620819767619574e+00,1.679121780991713164e+00,-8.432833224961453489e-01
-1.725973950642489152e+00,2.265524384846801798e-01,1.543192601763688776e+00,-5.547623352603239244e-01,-5.840440316603928705e-01,1.524937122010684210e+00,1.693122392652502750e+00,-8.286534777216368886e-01
-1.730459898873015767e+00,2.198362471752968172e-01,1.548228217638495163e+00,-5.490766027080700162e-01,-5.867910255331273417e-01,1.486367880482282855e+00,1.706894224544501792e+00,-8.140458945439827954e-01
-1.734801892553786695e+00,2.131017404997647968e-01,1.553135042420305201e+00,-5.433451664106315748e-01,-5.894892097032056189e-01,1.447908728389110111e+00,1.720441138212684073e+00,-7.994591774605767087e-01
-1.739000380055668593e+00,2.063496621075780468e-01,1.557913380935708636e+00,-5.375688386479839931e-01,-5.921386206808327834e-01,1.409555327664244739e+00,1.733766871575834756e+00,-7.848919291264191411e-01
-1.743055925893414848e+00,1.995805286831185965e-01,1.562563675832192800e+00,-5.317482327032925227e-01,-5.947393750276617208e-01,1.371302173149095083e+00,1.746875448532124064e+00,-7.703422955034193720e-01
-1.746968827995224682e+00,1.927952643866707172e-01,1.567086069333889720e+00,-5.258843078956698669e-01,-5.972914246544041017e-01,1.333146176527855831e+00,1.759769950580106102e+00,-7.558093289875345011e-01
-1.750739740006383993e+00,1.859941419457440681e-01,1.571481119642723634e+00,-5.199774567094281874e-01,-5.997949592954260334e-01,1.295080692114756182e+00,1.772454552471824041e+00,-7.412907148093343945e-01
-1.754368936039913063e+00,1.791780572836302599e-01,1.575748951212197602e+00,-5.140286063078726153e-01,-6.022499270274743743e-01,1.257102680262394578e+00,1.784932103726752484e+00,-7.267854997149940655e-01
-1.757856911851233495e+00,1.723474662151276149e-01,1.579889952484692550e+00,-5.080382972884823767e-01,-6.046564298674625970e-01,1.219206737198980317e+00,1.797206134439212510e+00,-7.122918167137730627e-01
-1.761203928542102837e+00,1.655032410313526381e-01,1.583904239355838239e+00,-5.020074312406426209e-01,-6.070144151779210961e-01,1.181389864405240964e+00,1.809279290265201512e+00,-6.978087068992490094e-01
-1.764410549966000108e+00,1.586455949629229645e-01,1.587792296437498196e+00,-4.959363252357652518e-01,-6.093240503359800275e-01,1.143645508904869379e+00,1.821155250962473549e+00,-6.833338387816286774e-01
-1.767476914930855125e+00,1.517755937801429644e-01,1.591554100889835732e+00,-4.898260459983084791e-01,-6.115852060696187475e-01,1.105971900045230161e+00,1.832836084389633635e+00,-6.688667028530501657e-01
-1.770403546084672763e+00,1.448934256226460660e-01,1.595190103243908419e+00,-4.836768781511154858e-01,-6.137980391240505096e-01,1.068362521753545069e+00,1.844325246198149859e+00,-6.544049579302098074e-01
-1.773190660679853536e+00,1.379999190854243607e-01,1.598700385511850453e+00,-4.774896721705313429e-01,-6.159624884070287187e-01,1.030814444542902608e+00,1.855624984421543555e+00,-6.399476293971513297e-01
-1.775838643861080035e+00,1.310954568741899140e-01,1.602085245457931961e+00,-4.712648759342542570e-01,-6.180786283638054490e-01,9.933223738047634033e-01,1.866738172877263180e+00,-6.254928223347813177e-01
-1.778347695195982237e+00,1.241808496898588604e-01,1.605344751466851960e+00,-4.650033190398406013e-01,-6.201463945378712372e-01,9.558834064466517066e-01,1.877666881077425964e+00,-6.110395531478396425e-01
-1.780718164275571169e+00,1.172564608607280373e-01,1.608479171577929856e+00,-4.587054235839851946e-01,-6.221658518185948505e-01,9.184922732032088089e-01,1.888413785884154539e+00,-5.965859154290238386e-01
-1.782950231755140003e+00,1.103230849881660230e-01,1.611488559176527335e+00,-4.523719997990547359e-01,-6.241369316407879841e-01,8.811460927516564512e-01,1.898980784960801138e+00,-5.821309154156963928e-01
-1.785044210464372227e+00,1.033810680686938072e-01,1.614373151188053468e+00,-4.460034457632017224e-01,-6.260596885584499560e-01,8.438396161280776742e-01,1.909370364850609958e+00,-5.676726338455680976e-01
-1.787000321247363743e+00,9.643096861867661573e-02,1.617133070788119076e+00,-4.396003491278857034e-01,-6.279341082127546381e-01,8.065687910182623988e-01,1.919584580329827483e+00,-5.532096041684203547e-01
-1.788818714384353470e+00,8.947356050800073235e-02,1.619768346552633798e+00,-4.331634940245594478e-01,-6.297601145771722919e-01,7.693307600438956673e-01,1.929625082330150843e+00,-5.387408149617746167e-01
-1.790499594102712422e+00,8.250939019075502479e-02,1.622279088186307394e+00,-4.266934531225621274e-01,-6.315376893324544660e-01,7.321214834125799875e-01,1.939493770340528167e+00,-5.242647874934700525e-01
-1.792043196653865245e+00,7.553877514363684098e-02,1.624665466736622932e+00,-4.201905818666871739e-01,-6.332668642267736958e-01,6.949357376980187517e-01,1.949192767377057045e+00,-5.097795724019494878e-01
-1.793449682755641650e+00,6.856224923219371437e-02,1.626927553971180496e+00,-4.136554322310210807e-01,-6.349476073749772409e-01,6.577694908032090115e-01,1.958723790957106026e+00,-4.952836737572973713e-01
-1.794719120732875206e+00,6.158078844436528504e-02,1.629065275327898465e+00,-4.070889697104640437e-01,-6.365797792033028868e-01,6.206210900129542907e-01,1.968087883031138574e+00,-4.807765163184015700e-01
-1.795851734425740087e+00,5.459447128463044974e-02,1.631078824051312770e+00,-4.004913141817390554e-01,-6.381634471913582018e-01,5.834841296315024239e-01,1.977287213663079690e+00,-4.662556608614454312e-01
-1.796847637553290022e+00,4.760381814091012992e-02,1.632968230912661856e+00,-3.938629953815542262e-01,-6.396985647799078301e-01,5.463545801753151299e-01,1.986323258629752342e+00,-4.517195854232118890e-01
-1.797706877191059816e+00,4.060979431170419485e-02,1.634733403459103007e+00,-3.872049642664895375e-01,-6.411849865338985488e-01,5.092307898541696964e-01,1.995196851341699107e+00,-4.371676917478712343e-01
-1.798429582237188962e+00,3.361269035531132959e-02,1.636374418552952514e+00,-3.805175292602483439e-01,-6.426227100328117947e-01,4.721075371376662888e-01,2.003909617749077388e+00,-4.225979754877298156e-01
-1.799015847980395266e+00,2.661279343181183893e-02,1.637891322864202248e+00,-3.738009889725618651e-01,-6.440117213127052320e-01,4.349795951214729950e-01,2.012463086104021137e+00,-4.080084190809010192e-01
-1.799465699279889197e+00,1.961106184443546854e-02,1.639284004648615900e+00,-3.670562832391693342e-01,-6.453518681071361840e-01,3.978453031276468765e-01,2.020857887644357920e+00,-3.933983978617395794e-01
-1.799779203276853368e+00,1.260777895729962329e-02,1.640552485423695916e+00,-3.602837015237851936e-01,-6.466431269444958829e-01,3.606994235266747229e-01,2.029095402484594413e+00,-3.787658731527567268e-01
-1.799956386293312116e+00,5.603675939897477358e-03,1.641696686641841207e+00,-3.534839623275539688e-01,-6.478853842992075007e-01,3.235390936877178825e-01,2.037176401439991125e+00,-3.641097325660613282e-01
-1.799997274015450621e+00,-1.400966166774508933e-03,1.642716592318231195e+00,-3.466573448322857742e-01,-6.490786021472760847e-01,2.863590589710061640e-01,2.045102103315947772e+00,-3.494279121982451497e-01
-1.799901868739976596e+00,-8.405417331047151594e-03,1.643612102141473796e+00,-3.398045617837091026e-01,-6.502226584941774856e-01,2.491564397067671521e-01,2.052873138344053494e+00,-3.347192767492713772e-01
-1.799670154615990114e+00,-1.540939678298100871e-02,1.644383162261661591e+00,-3.329258840680846543e-01,-6.513175003886961800e-01,2.119259590225205658e-01,2.060490565488946046e+00,-3.199817350673916372e-01
-1.799302123886864058e+00,-2.241194927428075134e-02,1.645029631600736897e+00,-3.260222422342327064e-01,-6.523629643213665341e-01,1.746659108515599690e-01,2.067954638571233517e+00,-3.052146011245475687e-01
-1.798797713961512335e+00,-2.941301702805311502e-02,1.645551444938738950e+00,-3.190936805540349752e-01,-6.533590180095196764e-01,1.373697971524430461e-01,2.075266504421185765e+00,-2.904152821958984609e-01
-1.798156879153543386e+00,-3.641186695907171200e-02,1.645948457750750160e+00,-3.121409054752226075e-01,-6.543055216484817693e-01,1.000346897843704397e-01,2.082426514855303168e+00,-2.755825914380247155e-01
-1.797379574988127615e+00,-4.340776454438576015e-02,1.646220526415737462e+00,-3.051646250825857387e-01,-6.552023356284228939e-01,6.265764834942774697e-02,2.089434967060917359e+00,-2.607153307437290457e-01
-1.796465663880622010e+00,-5.040064537783661702e-02,1.646367516351242122e+00,-2.981648756164806957e-01,-6.560493995185100458e-01,2.523212104046163029e-02,2.096292755198958968e+00,-2.458108565164981163e-01
-1.795415100515310058e+00,-5.738954573608564397e-02,1.646389251017207123e+00,-2.911425886329995771e-01,-6.568465348445339247e-01,-1.224366899047490964e-02,2.102999810341720899e+00,-2.308684168662103464e-01
-1.794227778107829963e+00,-6.437394726095571618e-02,1.646285560257468417e+00,-2.840982492547020621e-01,-6.575936159041412266e-01,-4.977391298710637235e-02,2.109556443019903416e+00,-2.158862913209248502e-01
-1.792903529439872301e+00,-7.135355100696835762e-02,1.646056249547838357e+00,-2.770321168355129871e-01,-6.582905321249844510e-01,-8.736402628624745370e-02,2.115963091326734435e+00,-2.008622610657032903e-01
-1.791442251898345717e+00,-7.832760697394951233e-02,1.645701120044281485e+00,-2.699449033206906545e-01,-6.589371203362747176e-01,-1.250170431634011203e-01,2.122219703350380904e+00,-1.857950495013278580e-01
-1.789843738196630341e+00,-8.529580659710944701e-02,1.645219939310399671e+00,-2.628368697027582135e-01,-6.595332539039101549e-01,-1.627384280333736832e-01,2.128326556524665403e+00,-1.706823992296797321e-01
-1.788107863390379304e+00,-9.225739054512553661e-02,1.644612486815655750e+00,-2.557087327138167776e-01,-6.600787600374838915e-01,-2.005312619330099078e-01,2.134283457137229334e+00,-1.555229981549093587e-01
-1.786234380808777722e+00,-9.921203858333776937e-02,1.643878492548056736e+00,-2.485607571180172837e-01,-6.605734959427502773e-01,-2.384010642366649058e-01,2.140090520148430375e+00,-1.403145476289126281e-01
-1.784223210158325745e+00,-1.061587590867121983e-01,1.643017744135894187e+00,-2.413938949326553673e-01,-6.610172658428461467e-01,-2.763497580632502948e-01,2.145747230179988030e+00,-1.250561844022113345e-01
-1.782074008602857473e+00,-1.130974402257508976e-01,1.642029913049685375e+00,-2.342081889848835752e-01,-6.614099273415384728e-01,-3.143841307651409900e-01,2.151253725034171449e+00,-1.097450813527950375e-01
-1.779786608809584614e+00,-1.200272986910443235e-01,1.640914736715318067e+00,-2.270043712068602337e-01,-6.617512883345731955e-01,-3.525073733813715027e-01,2.156609520661371349e+00,-9.437984773390123427e-02
-1.777360767153737253e+00,-1.269477652356151842e-01,1.639671912969477674e+00,-2.197829499163297950e-01,-6.620411652312331308e-01,-3.907239181773990988e-01,2.161814236406610412e+00,-7.895858456812937520e-02
-1.774796142359571061e+00,-1.338584816241529252e-01,1.638301080141343347e+00,-2.125442086635957184e-01,-6.622793747418169730e-01,-4.290394485051619577e-01,2.166867569247591607e+00,-6.347887762701126535e-02
-1.772092537825129543e+00,-1.407586418153131125e-01,1.636801945759537080e+00,-2.052888959015601311e-01,-6.624657103869691088e-01,-4.674572532125353397e-01,2.171768809143991508e+00,-4.793926984041435579e-02
-1.769249668517678398e+00,-1.476476509403839565e-01,1.635174166281299524e+00,-1.980175369413259279e-01,-6.625999693390248746e-01,-5.059818718934707693e-01,2.176517331641011133e+00,-3.233778992216085335e-02
-1.766267139760397065e+00,-1.545251217858576720e-01,1.633417327241663664e+00,-1.907304332826672277e-01,-6.626819441834932434e-01,-5.446191057498606103e-01,2.181112571631350416e+00,-1.667194487660966784e-02
-1.763144728353507329e+00,-1.613902215381884941e-01,1.631531108142862507e+00,-1.834283543578688613e-01,-6.627114143491086296e-01,-5.833723552787559719e-01,2.185553583663575772e+00,-9.402044566936273995e-04
-1.759882005727614329e+00,-1.682425410795960474e-01,1.629515060519850067e+00,-1.761116164859651001e-01,-6.626881565189320922e-01,-6.222475088624472850e-01,2.189839621767794231e+00,1.485998114111497515e-02
-1.756478623397553562e+00,-1.750814424034357886e-01,1.627368776877438528e+00,-1.687807747999725827e-01,-6.626119377350389028e-01,-6.612492785513933713e-01,2.193969704626024253e+00,3.073069547563062054e-02
-1.752934221201222886e+00,-1.819062759304991284e-01,1.625091837441716702e+00,-1.614363934667110978e-01,-6.624825188833343148e-01,-7.003824225289354555e-01,2.197942761879286611e+00,4.667405141848540717e-02
-1.749248427716200371e+00,-1.887163800315060924e-01,1.622683810473233068e+00,-1.540790462332661259e-01,-6.622996547633938080e-01,-7.396517469033864201e-01,2.201757632510846552e+00,6.269219208609749794e-02
-1.745420738662033955e+00,-1.955112929904158636e-01,1.620144171041289827e+00,-1.467090861009835434e-01,-6.620630859175357097e-01,-7.790633434210891828e-01,2.205413175041818441e+00,7.878779683569331338e-02
-1.741450748730357878e+00,-2.022903249723462804e-01,1.617472452528470495e+00,-1.393271077857826390e-01,-6.617725501851259295e-01,-8.186221268715654364e-01,2.208908026145906422e+00,9.496307700300610222e-02
-1.737338173269409314e+00,-2.090525618487083237e-01,1.614668266954614406e+00,-1.319339481785597457e-01,-6.614277911627211015e-01,-8.583318251579359348e-01,2.212240624776198317e+00,1.112197690362258795e-01
-1.733082331050670000e+00,-2.157977081740610759e-01,1.611730951245753163e+00,-1.245297638358131009e-01,-6.610285135821735159e-01,-8.981999419832341625e-01,2.215409620970697269e+00,1.275611670246803997e-01
-1.728682915066047210e+00,-2.225248201329335929e-01,1.608660092856887713e+00,-1.171154162917950603e-01,-6.605744479866823005e-01,-9.382303215410117136e-01,2.218413249439590729e+00,1.439890790396219922e-01
-1.724139197614156682e+00,-2.292335656833495439e-01,1.605454981173299878e+00,-1.096910888253384841e-01,-6.600652761989846962e-01,-9.784306038206839196e-01,2.221249919334713052e+00,1.605068832799354528e-01
-1.719450851667084557e+00,-2.359229689808140795e-01,1.602115180888694201e+00,-1.022576703510680307e-01,-6.595007161571122545e-01,-1.018804758479143979e+00,2.223917651365027837e+00,1.771164643766758862e-01
-1.714617257046418430e+00,-2.425924531403210738e-01,1.598640045158393530e+00,-9.481560383369327938e-02,-6.588804472494573794e-01,-1.059359317608869588e+00,2.226414528591936115e+00,1.938207731279787405e-01
-1.709637770555006764e+00,-2.492414201064866441e-01,1.595028903163100420e+00,-8.736534844353774365e-02,-6.582041370051152640e-01,-1.100100891866552688e+00,2.228738501129870375e+00,2.106228081543197184e-01
-1.704512046164047945e+00,-2.558688433629341952e-01,1.591281295149836517e+00,-7.990783886269214875e-02,-6.574714879877217033e-01,-1.141033652678165922e+00,2.230887256218536674e+00,2.275245760104421255e-01
-1.699239257893082833e+00,-2.624742892989769816e-01,1.587396406575170449e+00,-7.244333846996303672e-02,-6.566821295052889251e-01,-1.182165621832480085e+00,2.232858559300072265e+00,2.445296870315489257e-01
-1.693818878429712349e+00,-2.690568945828266667e-01,1.583373635153728642e+00,-6.497258767539404456e-02,-6.558357262289644662e-01,-1.223502387339094000e+00,2.234649906206437109e+00,2.616407625260980252e-01
-1.688250204979126146e+00,-2.756159763287218123e-01,1.579212243782793124e+00,-5.749611689640732326e-02,-6.549319099326638138e-01,-1.265050884675454457e+00,2.236258714813077475e+00,2.788609968787746363e-01
-1.682532515733001333e+00,-2.821508269040384209e-01,1.574911474538143841e+00,-5.001447702006212026e-02,-6.539703013730474579e-01,-1.306818142707037333e+00,2.237682252048414533e+00,2.961936405248560278e-01
-1.676665250978782051e+00,-2.886605161456468061e-01,1.570470686193911058e+00,-4.252846740015892024e-02,-6.529505422981387586e-01,-1.348810010366086720e+00,2.238917594972730019e+00,3.136414710429116792e-01
-1.670647665859934516e+00,-2.951442886043251779e-01,1.565889093086491046e+00,-3.503868112274605151e-02,-6.518722371116490999e-01,-1.391033703011615774e+00,2.239961713119015929e+00,3.312078503462514978e-01
-1.664478999318460328e+00,-3.016013619091386100e-01,1.561165890991724536e+00,-2.754573440924096284e-02,-6.507349798477879421e-01,-1.433496539301824857e+00,2.240811411706854717e+00,3.488962020495928185e-01
-1.658158475136360721e+00,-3.080309259775532715e-01,1.556300257964442491e+00,-2.005026758849670632e-02,-6.495383544137862675e-01,-1.476205944841862738e+00,2.241463326572995740e+00,3.667100135656508608e-01
-1.651685106754730903e+00,-3.144323336038863936e-01,1.551291202968754224e+00,-1.255272139943541809e-02,-6.482818962983587507e-01,-1.519170747201929794e+00,2.241913929277551620e+00,3.846533778938829862e-01
-1.645058479465087320e+00,-3.208043326738210799e-01,1.546138171934249517e+00,-5.054237364057745374e-03,-6.469652453530763125e-01,-1.562396018539325082e+00,2.242159473464808261e+00,4.027288396973736639e-01
-1.638277585952048421e+00,-3.271462180746495529e-01,1.540840146761427443e+00,2.444691291260014943e-03,-6.455879198421630161e-01,-1.605890815682376793e+00,2.242196070191501356e+00,4.209406284455929348e-01
-1.631341600577310480e+00,-3.334570610046216910e-01,1.535396243754812540e+00,9.943317957010922026e-03,-6.441494658847428667e-01,-1.649663030510826855e+00,2.242019621398136930e+00,4.392925091869632759e-01
-1.624249264250829494e+00,-3.397362714481748092e-01,1.529805231212933325e+00,1.744131038854845883e-02,-6.426493303523648226e-01,-1.693723296217551022e+00,2.241625800111163969e+00,4.577894207376164148e-01
-1.617000142466032742e+00,-3.459824796081061860e-01,1.524066520491089927e+00,2.493741606700938807e-02,-6.410871261607329341e-01,-1.738077164802813046e+00,2.241010106722761908e+00,4.764341932509566502e-01
-1.609593165788744784e+00,-3.521948411418555080e-01,1.518179017274759346e+00,3.243101792807723260e-02,-6.394623257577924935e-01,-1.782734237770840835e+00,2.240167796043206483e+00,4.952313803971198913e-01
-1.602027244049140764e+00,-3.583724709419773280e-01,1.512141602609475388e+00,3.992146314177014155e-02,-6.377743872585439622e-01,-1.827704274370917759e+00,2.239093874864210409e+00,5.141856297432156886e-01
-1.594301495524124146e+00,-3.645142635274101761e-01,1.505953316837517653e+00,4.740784355404625838e-02,-6.360228068403077639e-01,-1.872995872393944383e+00,2.237783134562700393e+00,5.333011266038428788e-01
-1.586414573716098841e+00,-3.706194309111349172e-01,1.499612820725946483e+00,5.488965065685863509e-02,-6.342069665597059869e-01,-1.918620439398399213e+00,2.236230030274422464e+00,5.525832707745842454e-01
-1.578365806632884949e+00,-3.766866092434210112e-01,1.493119309755766677e+00,6.236568365153005722e-02,-6.323263947269031071e-01,-1.964585573728870216e+00,2.234428879833969095e+00,5.720358821359732282e-01
-1.570153822025980084e+00,-3.827149233447254550e-01,1.486471408964847862e+00,6.983535393396522739e-02,-6.303804494466263009e-01,-2.010903033850397481e+00,2.232373582192611394e+00,5.916645698598371750e-01
-1.561777705849440645e+00,-3.887031022174568529e-01,1.479668105982187010e+00,7.729759810295883105e-02,-6.283685873978885894e-01,-2.057582096395574656e+00,2.230057850042134415e+00,6.114739246127270933e-01
-1.553235809957826286e+00,-3.946503430316307126e-01,1.472707784235269823e+00,8.475195149072578538e-02,-6.262900794054496734e-01,-2.104636259327166137e+00,2.227474882738452067e+00,6.314703625868579584e-01
-1.544527698761388290e+00,-4.005549426480039532e-01,1.465589807330528238e+00,9.219683654154314789e-02,-6.241444819122351495e-01,-2.152072489634119012e+00,2.224617923305421741e+00,6.516575598610208075e-01
-1.535651452921790394e+00,-4.064161639662737802e-01,1.458312320448941435e+00,9.963190515532055480e-02,-6.219309790449520925e-01,-2.199906057746218391e+00,2.221479412901264716e+00,6.720427600318520378e-01
-1.526606134888629729e+00,-4.122325422709786635e-01,1.450874262597094511e+00,1.070559094622546281e-01,-6.196489864183931662e-01,-2.248147051596602886e+00,2.218051753278420080e+00,6.926310406557495414e-01
-1.517390298625545419e+00,-4.180028916139961748e-01,1.443274147886608239e+00,1.144679719038591559e-01,-6.172977832545539778e-01,-2.296808501539870040e+00,2.214326794954729394e+00,7.134287734526838509e-01
-1.508002484940326182e+00,-4.237259648341086260e-01,1.435510469837391501e+00,1.218671577388577010e-01,-6.148766337345069610e-01,-2.345903690606981673e+00,2.210295975347100761e+00,7.344424823227782007e-01
-1.498441492275088383e+00,-4.294002951474034102e-01,1.427581926255738543e+00,1.292522681243171712e-01,-6.123848579585768892e-01,-2.395444781096675246e+00,2.205950425759406031e+00,7.556782561480681615e-01
-1.488705854066544987e+00,-4.350245151331237903e-01,1.419486987065626815e+00,1.366222524052961851e-01,-6.098216972180173778e-01,-2.445445571149062136e+00,2.201280727164692141e+00,7.771429306687531735e-01
-1.478793824015222746e+00,-4.405973445362155183e-01,1.411223879155664385e+00,1.439761990617810516e-01,-6.071863066328913039e-01,-2.495921533796488401e+00,2.196276848302416429e+00,7.988441117846005746e-01
-1.468704197315290116e+00,-4.461171267026729503e-01,1.402791270733811269e+00,1.513127246200298703e-01,-6.044779731885040475e-01,-2.546885655406878168e+00,2.190928533316698346e+00,8.207883891684437661e-01
-1.458435220839143120e+00,-4.515824416261809415e-01,1.394187362853933632e+00,1.586307825230534041e-01,-6.016958260314767548e-01,-2.598354012853616446e+00,2.185224726600742073e+00,8.429837365634085256e-01
-1.447985132846322909e+00,-4.569917902322183090e-01,1.385410337619053855e+00,1.659292507312266074e-01,-5.988389779011250580e-01,-2.650343020469691169e+00,2.179153796971630364e+00,8.654383336333025811e-01
-1.437352455376947002e+00,-4.623434493371693099e-01,1.376458604648016726e+00,1.732067336705255256e-01,-5.959066061261218961e-01,-2.702868021775405083e+00,2.172703688625714058e+00,8.881599592292561685e-01
-1.426535430950910399e+00,-4.676357635540041024e-01,1.367330328004310314e+00,1.804619559613920288e-01,-5.928977986830872293e-01,-2.755946123156800098e+00,2.165861562923772965e+00,9.111572183505773914e-01
-1.415532305128183399e+00,-4.728669932271552523e-01,1.358023662704532564e+00,1.876935594145383579e-01,-5.898116304669366317e-01,-2.809594806099263042e+00,2.158613918144967503e+00,9.344389475007799373e-01
-1.404341032393950695e+00,-4.780354484380890390e-01,1.348536505132890140e+00,1.949002906482372732e-01,-5.866470798170873024e-01,-2.863833382746785006e+00,2.150946347724023600e+00,9.580148514153246087e-01
-1.392959566226685375e+00,-4.831393412001281917e-01,1.338866736998177043e+00,2.020808007890064206e-01,-5.834031082108301902e-01,-2.918681597599618982e+00,2.142843671727143740e+00,9.818949026897021426e-01
-1.381386473536612591e+00,-4.881765219876086359e-01,1.329012749057489895e+00,2.092332695996754754e-01,-5.800788374222246579e-01,-2.974156729923254527e+00,2.134290355198963152e+00,1.006088081303621706e+00
-1.369619431850286340e+00,-4.931451439779980239e-01,1.318972162956680627e+00,2.163563441543396304e-01,-5.766731195578016500e-01,-3.030280856168460879e+00,2.125269372682096147e+00,1.030605543590636275e+00
-1.357656120609978423e+00,-4.980432455245653034e-01,1.308742585982442419e+00,2.234485591211886057e-01,-5.731847880963285569e-01,-3.087076564781721988e+00,2.115762754657901645e+00,1.055458766252769909e+00
-1.345494541137491451e+00,-5.028686250027049054e-01,1.298321885477028870e+00,2.305081527843095279e-01,-5.696127521696106033e-01,-3.144565494990973153e+00,2.105751798668502150e+00,1.080658910702896769e+00
-1.333132720954276262e+00,-5.076189719319404992e-01,1.287707937420148774e+00,2.375332521500335692e-01,-5.659559120394163090e-01,-3.202769804317579183e+00,2.095216798190626672e+00,1.106217468093479317e+00
-1.320567760619417719e+00,-5.122922158078594412e-01,1.276897805590027746e+00,2.445223975980503339e-01,-5.622128742006737845e-01,-3.261716679990832368e+00,2.084136126341741502e+00,1.132148251550844309e+00
-1.307798055494099554e+00,-5.168856822752087021e-01,1.265889650581222270e+00,2.514732899764505758e-01,-5.583826102906741529e-01,-3.321427944904313367e+00,2.072488083952813032e+00,1.158462835695567961e+00
-1.294820105775848385e+00,-5.213972599191446511e-01,1.254679982595691579e+00,2.583845458262464256e-01,-5.544635035098441911e-01,-3.381935057290128555e+00,2.060247960610675388e+00,1.185177168407063331e+00
-1.281632378512773673e+00,-5.258240111563241559e-01,1.243266990718177256e+00,2.652535952998988367e-01,-5.504545070502021575e-01,-3.443261110489096222e+00,2.047391476684856659e+00,1.212303645953547671e+00
-1.268231427790458943e+00,-5.301635208221618933e-01,1.231647191714849709e+00,2.720787481466326319e-01,-5.463539724334974812e-01,-3.505438988927259913e+00,2.033891031614368572e+00,1.239859137842415970e+00
-1.254615157864570341e+00,-5.344127814398882403e-01,1.219818251310804014e+00,2.788574751372546734e-01,-5.421606382235677479e-01,-3.568496241071978492e+00,2.019718736528175906e+00,1.267858311201695454e+00
-1.240780196504630339e+00,-5.385690434967108642e-01,1.207776706608129080e+00,2.855877455463937675e-01,-5.378728262513183811e-01,-3.632467342130864196e+00,2.004843657685449809e+00,1.296319075813628263e+00
-1.226723885358797839e+00,-5.426291747032634394e-01,1.195519692437095216e+00,2.922670171420765350e-01,-5.334890512793265538e-01,-3.697384539923299407e+00,1.989233714415040266e+00,1.325258537323365848e+00
-1.212443292877973811e+00,-5.465899659320416770e-01,1.183044083553374648e+00,2.988927255422333951e-01,-5.290077166636283357e-01,-3.763282507438548752e+00,1.972854516553239179e+00,1.354695076221028138e+00
-1.197934869670973290e+00,-5.504482012142288827e-01,1.170346189964309724e+00,3.054624191476216222e-01,-5.244270018964495295e-01,-3.830200010791515286e+00,1.955668747986232248e+00,1.384649115570236511e+00
-1.183195474964071181e+00,-5.542003627463097937e-01,1.157422652205116753e+00,3.119732728498361696e-01,-5.197451829824212277e-01,-3.898175265366704334e+00,1.937637153724385275e+00,1.415141065363590300e+00
-1.168222053813463779e+00,-5.578427259279643557e-01,1.144270160122909719e+00,3.184222431710951873e-01,-5.149605320731562852e-01,-3.967247525643775141e+00,1.918718017244533947e+00,1.446192047003667769e+00
-1.153010950309697691e+00,-5.613715140850306096e-01,1.130884847871317600e+00,3.248063520194490739e-01,-5.100710959298484504e-01,-4.037460358177766828e+00,1.898866063006154681e+00,1.477825387206139984e+00
-1.137558253455413837e+00,-5.647827840760435425e-01,1.117262593481407773e+00,3.311225081990850638e-01,-5.050748013555651506e-01,-4.108860166403919933e+00,1.878032574666630872e+00,1.510065986912739522e+00
-1.121860158318790157e+00,-5.680723315347449009e-01,1.103399335126365122e+00,3.373673451261987033e-01,-4.999695694375584365e-01,-4.181494651943101104e+00,1.856165591701742557e+00,1.542939654811742223e+00
-1.105912984476827177e+00,-5.712356856274412031e-01,1.089291087215794818e+00,3.435372121477219265e-01,-4.947533213134587271e-01,-4.255412860466408098e+00,1.833209673674481621e+00,1.576473152999829264e+00
-1.089712836922953176e+00,-5.742681690324994426e-01,1.074933639383449213e+00,3.496282986266567860e-01,-4.894238660301439836e-01,-4.330666894330041039e+00,1.809105101674542970e+00,1.610695003857889995e+00
-1.073254896825289073e+00,-5.771649972841041976e-01,1.060321923230971297e+00,3.556368680029543539e-01,-4.839786615980559148e-01,-4.407315382962143424e+00,1.783786365835312360e+00,1.645637113199989399e+00
-1.056535227777251951e+00,-5.799209288233511117e-01,1.045451611464175201e+00,3.615585671103347387e-01,-4.784154072119216616e-01,-4.485415262930648517e+00,1.757184448949028033e+00,1.681331071449310377e+00
-1.039549000102725884e+00,-5.825305653422163665e-01,1.030317539680825956e+00,3.673890625513959174e-01,-4.727314536987733407e-01,-4.565030232564062374e+00,1.729223645018227895e+00,1.717812051505086757e+00
-1.022291223626902390e+00,-5.849881881571998843e-01,1.014914352080084292e+00,3.731237393660564727e-01,-4.669240401300698284e-01,-4.646227567077895415e+00,1.699822080399246760e+00,1.755117416415344467e+00
-1.004757503403755248e+00,-5.872876393454488086e-01,9.992371743993442301e-01,3.787574389367523442e-01,-4.609905462399244702e-01,-4.729074772896916024e+00,1.668892453519028152e+00,1.793285235175800629e+00
-9.869422392293740742e-01,-5.894225442830351991e-01,9.832800021647495337e-01,3.842850242409201478e-01,-4.549278808462097756e-01,-4.813648320910557388e+00,1.636338239283766427e+00,1.832358366209109635e+00
-9.688397415775233945e-01,-5.913861099138637556e-01,9.670366906979980248e-01,3.897009672563468419e-01,-4.487328501707749662e-01,-4.900028697455571347e+00,1.602054731814837485e+00,1.872382267670572142e+00
-9.504450057812418029e-01,-5.931710276849110342e-01,9.505016479507312210e-01,3.949991045680024682e-01,-4.424024205773502416e-01,-4.988296971103163280e+00,1.565929733480804220e+00,1.913403482274561584e+00
-9.317519034427027558e-01,-5.947696335036959381e-01,9.336682065818361353e-01,4.001731431263764183e-01,-4.359330935428450959e-01,-5.078543748811849667e+00,1.527839123824445533e+00,1.955473885437624570e+00
-9.127539529824707509e-01,-5.961737637562202208e-01,9.165293068958239031e-01,4.052163707787766467e-01,-4.293211591924183113e-01,-5.170865907885255019e+00,1.487647041854595731e+00,1.998649296145202481e+00
-8.934447363612448845e-01,-5.973746807897835076e-01,8.990778666535428343e-01,4.101215029899680786e-01,-4.225628339777106057e-01,-5.265364965548517517e+00,1.445205453147702546e+00,2.042988842699288377e+00
-8.738179530036421783e-01,-5.983630399123650578e-01,8.813068256490559360e-01,4.148806402170185370e-01,-4.156542745625784741e-01,-5.362147186017911515e+00,1.400352902942376687e+00,2.088555147486112151e+00
-8.538663573213953750e-01,-5.991288923075003270e-01,8.632081765951371555e-01,4.194854761802120358e-01,-4.085911953237371663e-01,-5.461329269117911167e+00,1.352910400741567765e+00,2.135417171229930577e+00
-8.335821933318358079e-01,-5.996615754446571467e-01,8.447733463451023717e-01,4.239271069027545913e-01,-4.013690065795322282e-01,-5.563036802020448590e+00,1.302680224039576062e+00,2.183649698815991691e+00
-8.129583925058425642e-01,-5.999496219041388079e-01,8.259942761542389267e-01,4.281957101495634244e-01,-3.939832310372468616e-01,-5.667398775748734074e+00,1.249446655340227696e+00,2.233330960060420090e+00
-7.919860390689058560e-01,-5.999807326196984203e-01,8.068611049818007475e-01,4.322810093964628564e-01,-3.864285856114260675e-01,-5.774560954562456772e+00,1.192966899694132721e+00,2.284549248116314324e+00
-7.706574623322419715e-01,-5.997416490239423359e-01,7.873649733467497080e-01,4.361715511874342255e-01,-3.787000746022479714e-01,-5.884670860786758162e+00,1.132975991788077952e+00,2.337396080357594830e+00
-7.489633535413079413e-01,-5.992180687016789298e-01,7.674953805839428433e-01,4.398551802854908654e-01,-3.707919362186011258e-01,-5.997893161315320576e+00,1.069175492269127892e+00,2.391973910828717909e+00
-7.268943941172627543e-01,-5.983945231533007725e-01,7.472416534877970307e-01,4.433186055889806187e-01,-3.626982089429636735e-01,-6.114402119334014785e+00,1.001233542198857185e+00,2.448392962868096490e+00
-7.044406584738298616e-01,-5.972542410137833269e-01,7.265923821878670363e-01,4.465473821361711226e-01,-3.544124932531109162e-01,-6.234385469968274585e+00,9.287781359328637354e-01,2.506773607163168105e+00
-6.815921624757830255e-01,-5.957790280335669708e-01,7.055359037880808426e-01,4.495256879581231990e-01,-3.459281291319743490e-01,-6.358042305305706243e+00,8.513929405563022135e-01,2.567245945122492046e+00
-6.583379495138199644e-01,-5.939490473455936170e-01,6.840594375749738942e-01,4.522362863870882377e-01,-3.372378296576840628e-01,-6.485588804082627057e+00,7.686072356891539004e-01,2.629953337447751949e+00
-6.346667055047605643e-01,-5.917426506711224166e-01,6.621496225350148590e-01,4.546602424532482090e-01,-3.283338742935967836e-01,-6.617255781598581521e+00,6.798894023276530474e-01,2.695052108696978088e+00
-6.105663015620418355e-01,-5.891361087241231420e-01,6.397920622174494421e-01,4.567767482600173512e-01,-3.192078986778054128e-01,-6.753291993810435656e+00,5.846350623264112700e-01,2.762714262033248325e+00
-5.860244980744846455e-01,-5.861034161709521850e-01,6.169719398551885003e-01,4.585627965489875724e-01,-3.098511156074954531e-01,-6.893960836447249996e+00,4.821575333927752283e-01,2.833127167922364631e+00
-5.610278716459922155e-01,-5.826158561807117664e-01,5.936729780999604467e-01,4.599929632990056305e-01,-3.002538549729867889e-01,-7.039546872753182249e+00,3.716685970444240095e-01,2.906498456189758883e+00
-5.355633857742677639e-01,-5.786418406410471782e-01,5.698788498721613083e-01,4.610389481363845743e-01,-2.904061030559360601e-01,-7.190346811910617753e+00,2.522671235943452217e-01,2.983053514217839375e+00
-5.096160507659910355e-01,-5.741461297699511634e-01,5.455709335330659604e-01,4.616692653483581710e-01,-2.802965277071854389e-01,-7.346682725796652491e+00,1.229061305618541766e-01,3.063044718873048300e+00
-4.831714292856794102e-01,-5.690896910333934633e-01,5.207305794388489284e-01,4.618486217864716803e-01,-2.699133577829501140e-01,-7.508885855033495815e+00,-1.762322880184985507e-02,3.146746451166213099e+00
-4.562139461288622355e-01,-5.634288009135988151e-01,4.953374415855418267e-01,4.615373672503597646e-01,-2.592436227499158030e-01,-7.677303857262378628e+00,-1.707340766278895305e-01,3.234462891200310164e+00
-4.287275677357129666e-01,-5.571143878725459686e-01,4.693700055061649778e-01,4.606907220264396807e-01,-2.482732870871982855e-01,-7.852291885779620451e+00,-3.380837876452258417e-01,3.326528768042610107e+00
-4.006963433910447625e-01,-5.500912400090899324e-01,4.428059709744651129e-01,4.592578991489040252e-01,-2.369873120662550070e-01,-8.034200954770287950e+00,-5.216249052966341893e-01,3.423310200757204047e+00
-3.721038620319135348e-01,-5.422967473997225563e-01,4.156215799134949096e-01,4.571809823094604153e-01,-2.253692483551184012e-01,-8.223368356769650944e+00,-7.236775197031459772e-01,3.525208807346635886e+00
-3.429334932143985881e-01,-5.336595122500212840e-01,3.877916413160549802e-01,4.543935231732719737e-01,-2.134010890476941147e-01,-8.420095888342338242e+00,-9.470173358062810021e-01,3.632662468431288705e+00
-3.131701344567058842e-01,-5.240980876948848621e-01,3.592909487989631168e-01,4.508189729657197664e-01,-2.010636873389647361e-01,-8.624606336069268409e+00,-1.194977337842817677e+00,3.746138511972737284e+00
-2.827995998879179185e-01,-5.135185961624025852e-01,3.300933886469276102e-01,4.463684768811688741e-01,-1.883361354593033332e-01,-8.836998153215743557e+00,-1.471601048085855457e+00,3.866131930090283220e+00
-2.518090304789482037e-01,-5.018119149011956992e-01,3.001719193456692247e-01,4.409380486473673533e-01,-1.751954390357857716e-01,-9.057166588524248496e+00,-1.781838000804151889e+00,3.993154283157245743e+00
-2.201910330950967998e-01,-4.888514726200593463e-01,2.695020394369099792e-01,4.344056204033814872e-01,-1.616176383925532756e-01,-9.284655370899475457e+00,-2.131764378013496497e+00,4.127696343893012987e+00
-1.879427883077059436e-01,-4.744880915908885055e-01,2.380602498473659567e-01,4.266261825724584900e-01,-1.475766191667894356e-01,-9.518475968926892961e+00,-2.528937265937442724e+00,4.270192156348120882e+00
-1.550712812344728908e-01,-4.585456369611686789e-01,2.058282167916213046e-01,4.174265274701141060e-01,-1.330452658926590814e-01,-9.756774043947741504e+00,-2.982801332548195017e+00,4.420924981217629224e+00
-1.215979029923096588e-01,-4.408144894615018128e-01,1.727960550219163893e-01,4.065979908598854053e-01,-1.179960225130452234e-01,-9.996322181706949195e+00,-3.505247187730917702e+00,4.579877507168244044e+00
-8.756571697689030653e-02,-4.210433009256946413e-01,1.389678018825677430e-01,3.938870027897656834e-01,-1.024021245741730812e-01,-1.023170049992752872e+01,-4.111327994438751077e+00,4.746469101371632249e+00
-5.305142557482334098e-02,-3.989290886600155295e-01,1.043709475456332525e-01,3.789831088064442022e-01,-8.624024630334212183e-02,-1.045395679241294395e+01,-4.820128849969113283e+00,4.919092230332097415e+00
-1.818455754586856266e-02,-3.741059489215457501e-01,6.907236049026688196e-02,3.615042477200678395e-01,-6.949551818843902051e-02,-1.064840737699222117e+01,-5.655704630767021790e+00,5.094296684955326171e+00
1.682515216676172543e-02,-3.461311911451909196e-01,3.320132686390037113e-02,3.409779287765988265e-01,-5.216906373245080303e-02,-1.079104903890898015e+01,-6.647864477377109615e+00,5.265374913761575293e+00
5.164006210183713641e-02,-3.144762529418467234e-01,-3.008196787946164352e-03,3.168231445777365818e-01,-3.429366545275604194e-02,-1.084274319893188121e+01,-7.831812437776173752e+00,5.419885989201171483e+00
8.572560664000161701e-02,-2.785254995636707864e-01,-3.915477246847388210e-02,2.883358553412799785e-01,-1.595844160760035921e-02,-1.074031947543153009e+01,-9.244656621561862408e+00,5.535537984722868288e+00
1.182451720450985455e-01,-2.376074271686645090e-01,-7.456917667768644953e-02,2.546991089293512145e-01,2.648010176269088856e-03,-1.038466755107464579e+01,-1.091370581822241270e+01,5.573887433772021893e+00
1.479234342882673747e-01,-1.910989758783892545e-01,-1.081750616680719479e-01,2.150583972564927282e-01,2.117080055127712468e-02,-9.630836013607806834e+00,-1.282735087394481610e+01,5.472925004478669919e+00
1.729257583114208741e-01,-1.386707206770511069e-01,-1.383445109447398458e-01,1.687375745254131310e-01,3.900402409257386349e-02,-8.299344193300632000e+00,-1.487865623123028591e+01,5.145482878106136582e+00
1.909075278742882187e-01,-8.072680863718072197e-02,-1.628813399847232335e-01,1.156776476477823223e-01,5.523452499363658286e-02,-6.249872966786528927e+00,-1.679640544776243871e+01,4.502358932814963133e+00
1.995039130015986428e-01,-1.889693207950318352e-02,-1.793990023040427373e-01,5.701149616307608220e-02,6.873567212538508886e-02,-3.538716013932499127e+00,-1.815530796087184129e+01,3.519403714890955825e+00
1.973157366755915465e-01,4.393262678829839424e-02,-1.862158502976790364e-01,-4.715222607799968157e-03,7.851751021283458198e-02,-5.323005214448879308e-01,-1.858757747567304008e+01,2.308806701575767839e+00
1.847181000352522418e-01,1.044935158115883056e-01,-1.832156915165955857e-01,-6.624100901593812929e-02,8.416537550528836731e-02,2.251223950949902797e+00,-1.806432765515624794e+01,1.084330608668814921e+00
1.636275419215821314e-01,1.603493241708893180e-01,-1.718056175513539285e-01,-1.248180671656265173e-01,8.596021244852247722e-02,4.463889545695090888e+00,-1.688895628311896857e+01,2.575351054545205187e-02
1.364972047128346633e-01,2.104050256134983587e-01,-1.540705437926105092e-01,-1.789036572816149473e-01,8.460207234191216563e-02,6.041964435428031521e+00,-1.543359318372254307e+01,-7.984733340129732682e-01
1.054954145987587744e-01,2.546136278572375122e-01,-1.319825030899525742e-01,-2.280326887446858242e-01,8.086466307335821169e-02,7.090551345375750714e+00,-1.395574487574269007e+01,-1.403470533846792545e+00
7.222414452700742782e-02,2.934638223248084987e-01,-1.070718683432908547e-01,-2.723722474608006872e-01,7.540766465535302110e-02,7.752685737833168389e+00,-1.258197145270119321e+01,-1.834939819942978501e+00
3.776616175457125912e-02,3.276175040483106371e-01,-8.041952735851541634e-02,-3.123588033391059282e-01,6.873273985890585025e-02,8.149532998019692442e+00,-1.135561578282388595e+01,-2.138762135216389915e+00
2.822104278241699404e-03,3.577311851063757486e-01,-5.275691509483016600e-02,-3.484974576603906971e-01,6.120290012810208208e-02,8.368735480663897164e+00,-1.027938402643730598e+01,-2.351338968939591823e+00
-3.216244439651383402e-02,3.843867528333288486e-01,-2.457225790420952682e-02,-3.812698133949818380e-01,5.307666265463808347e-02,8.469830557756306888e+00,-9.339838194983395070e+00,-2.499112943438194456e+00
-6.690825328185479037e-02,4.080778562011738719e-01,3.810394493182406306e-03,-4.111035419424900472e-01,4.453773428364374981e-02,8.492391492874036274e+00,-8.518958650418701595e+00,-2.600679733685124173e+00
-1.012416608153947628e-01,4.292146805867547155e-01,3.217503388234340539e-02,-4.383652897002844329e-01,3.571772524258969017e-02,8.462635835601879819e+00,-7.799033917591289722e+00,-2.669006975656037284e+00
-1.350574557260014741e-01,4.481367075047430482e-01,6.037803197228470975e-02,-4.633659510280416782e-01,2.671167616239702308e-02,8.398030268730085623e+00,-7.164354964026933281e+00,-2.713172675335549400e+00
-1.682936985708711752e-01,4.651246860192467802e-01,8.832348541096099459e-02,-4.863674807309626980e-01,1.758914822959191382e-02,8.310319461804304808e+00,-6.601613476196747321e+00,-2.739589017612503508e+00
-2.009175485506069503e-01,4.804124039734389284e-01,1.159486313353525339e-01,-5.075916390615439200e-01,8.401312599709914730e-03,8.207478932120695347e+00,-6.099736119515643651e+00,-2.752838835937739148e+00
-2.329140384346369830e-01,4.941951683195369149e-01,1.432124147490246302e-01,-5.272260957551706539e-01,-8.135765606317180154e-04,8.094979223888387310e+00,-5.649598630776697661e+00,-2.756237142744708102e+00
-2.642804216794014671e-01,5.066375746284911274e-01,1.700892403076513515e-01,-5.454309178762587473e-01,-1.002683722367800345e-02,7.976602581094748956e+00,-5.243682884195587590e+00,-2.752211640841893292e+00
-2.950213926940118414e-01,5.178791154495318017e-01,1.965638240237308210e-01,-5.623431178218365467e-01,-1.921669299040995593e-02,7.854982070497618984e+00,-4.875787717118125641e+00,-2.742560962320866658e+00
-3.251477492325287044e-01,5.280393189704567503e-01,2.226292518433063972e-01,-5.780814085585391782e-01,-2.836692638316939963e-02,7.731952665615600573e+00,-4.540762053159779654e+00,-2.728631653352059594e+00
-3.546719343320471896e-01,5.372204845445099908e-01,2.482825278751747411e-01,-5.927480107593567915e-01,-3.746481162120976482e-02,7.608801839872439743e+00,-4.234331487963146401e+00,-2.711442584515882714e+00
-3.836092489446867870e-01,5.455114547622378351e-01,2.735251517951892697e-01,-6.064325677235123946e-01,-4.650091711360104796e-02,7.486423373184061703e+00,-3.952906389103643114e+00,-2.691770900773053921e+00
-4.119752659575072196e-01,5.529893760983576323e-01,2.983605121275273997e-01,-6.192133632713698876e-01,-5.546787707824936409e-02,7.365437455237320741e+00,-3.693470230396375342e+00,-2.670214852467397204e+00
-4.397867254918679247e-01,5.597219871262217872e-01,3.227943822311018507e-01,-6.311597274894513721e-01,-6.436032929428611715e-02,7.246263322035710885e+00,-3.453461447483250346e+00,-2.647237473995473600e+00
-4.670592950860455450e-01,5.657686588386665605e-01,3.468327305043111819e-01,-6.423326187231710449e-01,-7.317393269146162116e-02,7.129182749317666712e+00,-3.230707188281825903e+00,-2.623200609696945129e+00
-4.938099701317446577e-01,5.711822472900742742e-01,3.704836509290593827e-01,-6.527868953419646569e-01,-8.190592093937945628e-02,7.014368237564589492e+00,-3.023334586081294795e+00,-2.598386674741703928e+00
-5.200538910558542005e-01,5.760094299500065906e-01,3.937544115263094113e-01,-6.625710285352931495e-01,-9.055389855174365843e-02,6.901924362424911585e+00,-2.829742250282418325e+00,-2.573019172223811157e+00
-5.458063592008386422e-01,5.802920070721429013e-01,4.166531113191528357e-01,-6.717287618403913196e-01,-9.911634860271675840e-02,6.791899221462522007e+00,-2.648539985529755114e+00,-2.547274251779426457e+00
-5.710819042755768127e-01,5.840674121725720758e-01,4.391877577612918748e-01,-6.802994289170747333e-01,-1.075922106878332007e-01,6.684303133862862012e+00,-2.478520760848667237e+00,-2.521291686731930604e+00
-5.958949572650881210e-01,5.873693959944326082e-01,4.613667848306065578e-01,-6.883187510063452086e-01,-1.159810084149969917e-01,6.579116602964129257e+00,-2.318627454112364372e+00,-2.495181940746692195e+00
-6.202588464112264166e-01,5.902283645965920034e-01,4.831980894226530765e-01,-6.958189726837993305e-01,-1.242824306059102102e-01,6.476302606173266696e+00,-2.167936132187452181e+00,-2.469033191207686162e+00
-6.441859860400335203e-01,5.926718463866205155e-01,5.046891381436758861e-01,-7.028293540591743493e-01,-1.324963207876118099e-01,6.375811719692966228e+00,-2.025635041723652385e+00,-2.442915833114148505e+00
-6.676892798384655991e-01,5.947249737474632481e-01,5.258481802567209762e-01,-7.093769120254469485e-01,-1.406231019998718523e-01,6.277580689143912984e+00,-1.891000506299067574e+00,-2.416884585241905192e+00
-6.907799019265303819e-01,5.964105542859344800e-01,5.466822128875807874e-01,-7.154860607536337458e-01,-1.486629649538441789e-01,6.181545082580353068e+00,-1.763396885113346801e+00,-2.390983793941560798e+00
-7.134692021389060779e-01,5.977495057026378511e-01,5.671986586155920440e-01,-7.211794043819025335e-01,-1.566164816630504775e-01,6.087633811374950632e+00,-1.642254407481297918e+00,-2.365247625837310519e+00
-7.357677001436693232e-01,5.987609841964152135e-01,5.874044295820888273e-01,-7.264776678172639723e-01,-1.644842212514451285e-01,5.995775218037978860e+00,-1.527065719680345879e+00,-2.339703004952727206e+00
-7.576856035964454339e-01,5.994626068976453004e-01,6.073063691101251438e-01,-7.314000139503300524e-01,-1.722668993090787359e-01,5.905896339449103749e+00,-1.417375281556790156e+00,-2.314370494047841120e+00
-7.792322410656477016e-01,5.998705961021792987e-01,6.269107140088444607e-01,-7.359640747440232555e-01,-1.799651492130359687e-01,5.817926292847327652e+00,-1.312775636945192836e+00,-2.289266131222208678e+00
-8.004173933315473777e-01,5.999999477348395560e-01,6.462242857688903497e-01,-7.401863730085054272e-01,-1.875799736765107473e-01,5.731791629601333149e+00,-1.212895344948167198e+00,-2.264400838382067072e+00
-8.212492791927773483e-01,5.998645251456059535e-01,6.652526394280877664e-01,-7.440820244808630246e-01,-1.951120029143331713e-01,5.647425135462567525e+00,-1.117403907460742474e+00,-2.239783553880937195e+00
-8.417363047439565538e-01,5.994771964903042871e-01,6.840016405377479236e-01,-7.476652100870705420e-01,-2.025621020897346303e-01,5.564759127067475220e+00,-1.025999253623917085e+00,-2.215419829532210283e+00
-8.618862088461879400e-01,5.988499269229916599e-01,7.024766724612531155e-01,-7.509491006745180330e-01,-2.099310477724182777e-01,5.483729239039356607e+00,-9.384082590755957742e-01,-2.191313358401591138e+00
-8.817074659866390718e-01,5.979938130120872053e-01,7.206839116731869055e-01,-7.539461618311478208e-01,-2.172200278354428082e-01,5.404269011694681879e+00,-8.543776817316479644e-01,-2.167464725280229487e+00
-9.012062166545268260e-01,5.969192814910334599e-01,7.386274988086695137e-01,-7.566677543061750555e-01,-2.244295015131397564e-01,5.326322359121925309e+00,-7.736846380018187475e-01,-2.143875452766318190e+00
-9.203899338003272979e-01,5.956360088025561828e-01,7.563128956394767899e-01,-7.591247644076700718e-01,-2.315605345814333860e-01,5.249828960697953129e+00,-6.961186922135760291e-01,-2.120543893043546735e+00
-9.392654910413373859e-01,5.941530478604021281e-01,7.737451045055619980e-01,-7.613273541787921594e-01,-2.386140816794493080e-01,5.174732080490792363e+00,-6.214882026011359084e-01,-2.097467790556981182e+00
-9.578383720783147925e-01,5.924789763256415043e-01,7.909279260979746873e-01,-7.632849532159484696e-01,-2.455906763824727279e-01,5.100981716185532200e+00,-5.496214599288938851e-01,-2.074645473028137399e+00
-9.761155896751101402e-01,5.906216958988381727e-01,8.078666512191851057e-01,-7.650066272117793664e-01,-2.524915171707060590e-01,5.028523006840417864e+00,-4.803537756888490717e-01,-2.052072445497220787e+00
-9.941023098663434032e-01,5.885887746038297452e-01,8.245649323155052057e-01,-7.665007592263035630e-01,-2.593171929746740934e-01,4.957309632735696248e+00,-4.135392553023627960e-01,-2.029745681089677234e+00
-1.011804404596496454e+00,5.863872456915041331e-01,8.410271410015629501e-01,-7.677753470200556762e-01,-2.660686371549824125e-01,4.887293662370372438e+00,-3.490398158995964284e-01,-2.007660601286106239e+00
-1.029227309041161220e+00,5.840237518152058271e-01,8.572573051270286904e-01,-7.688379227943153982e-01,-2.727466913458093667e-01,4.818430054585446598e+00,-2.867285279151636779e-01,-1.985812586449990480e+00
-1.046375633948399830e+00,5.815046490946985669e-01,8.732587404353935323e-01,-7.696955797750267836e-01,-2.793519482080620842e-01,4.750678147937916762e+00,-2.264899657911595421e-01,-1.964197560231451423e+00
-1.063254599465004002e+00,5.788358365804481265e-01,8.890353828707582284e-01,-7.703550830449928943e-01,-2.858852969704110958e-01,4.683995954005244045e+00,-1.682142981684661143e-01,-1.942810262758857043e+00
-1.079869275563237974e+00,5.760228709820945925e-01,9.045910793638701763e-01,-7.708228346246809304e-01,-2.923476303245976515e-01,4.618343115486855055e+00,-1.117993585195363737e-01,-1.921645257146447738e+00
-1.096223487210364222e+00,5.730711931557675998e-01,9.199285570144765112e-01,-7.711048827766084912e-01,-2.987394116683684819e-01,4.553685186582390187e+00,-5.715362616662722495e-02,-1.900698387617439700e+00
-1.112321959021728146e+00,5.699857873742280034e-01,9.350514279109403137e-01,-7.712070042131560221e-01,-3.050615055113228835e-01,4.489985113041553788e+00,-4.188367313243013257e-03,-1.879964093219242738e+00
-1.128168856313936486e+00,5.667714465535618196e-01,9.499628206175922962e-01,-7.711346807986364515e-01,-3.113146069476437905e-01,4.427208951006921467e+00,4.717791782720170968e-02,-1.859437303859429846e+00
-1.143768485097583554e+00,5.634326599650897327e-01,9.646660346783807460e-01,-7.708931253298801911e-01,-3.174995128732903682e-01,4.365323050935779214e+00,9.702228126476530878e-02,-1.839112573582229349e+00
-1.159124222004136229e+00,5.599738614803126957e-01,9.791635293385135830e-01,-7.704873168565957720e-01,-3.236166944926301969e-01,4.304298259663285720e+00,1.454143336111500817e-01,-1.818985504478412008e+00
-1.174239916466832234e+00,5.563991504057526072e-01,9.934582422127467005e-01,-7.699219994038257742e-01,-3.296668497284060417e-01,4.244104318810132170e+00,1.924211186884852154e-01,-1.799050947725875371e+00
-1.189119171865250291e+00,5.527124543840897797e-01,1.007552910469398988e+00,-7.692017019281394141e-01,-3.356506166898562404e-01,4.184712672543159151e+00,2.381051326042668004e-01,-1.779303957200450981e+00
-1.203765682751123833e+00,5.489174604944778713e-01,1.021450388218221317e+00,-7.683307362929283624e-01,-3.415687068239679491e-01,4.126095081799892483e+00,2.825256716021592451e-01,-1.759739360358612448e+00
-1.218182538695148809e+00,5.450178081117834639e-01,1.035152984208035809e+00,-7.673132508445327238e-01,-3.474216215268184360e-01,4.068226372024937199e+00,3.257369988858599408e-01,-1.740352703289969938e+00
-1.232373247285045714e+00,5.410168343144106107e-01,1.048663431038891369e+00,-7.661531797969766133e-01,-3.532100637357281636e-01,4.011080301081007882e+00,3.677916962139681223e-01,-1.721138896284325925e+00
-1.246340702805081468e+00,5.369178631103714849e-01,1.061983903497234261e+00,-7.648543260308726666e-01,-3.589345175102398033e-01,3.954633664465462051e+00,4.087377987466650486e-01,-1.702093611598167522e+00
-1.260087864303069738e+00,5.327240341523689082e-01,1.075116661327999212e+00,-7.634203250707366495e-01,-3.645955212715495386e-01,3.898863543975682688e+00,4.486210402594387192e-01,-1.683212383133580570e+00
-1.273617744192108159e+00,5.284383063888311582e-01,1.088064038321391758e+00,-7.618546464435298482e-01,-3.701936630795289451e-01,3.843747311765202568e+00,4.874849836492445299e-01,-1.664490622782226481e+00
-1.286933070238164944e+00,5.240635711810507358e-01,1.100828118004512968e+00,-7.601606386948391858e-01,-3.757294397586680712e-01,3.789263974041627847e+00,5.253702162978199919e-01,-1.645924092879141210e+00
-1.300036289052509675e+00,5.196026707658594201e-01,1.113410734238345023e+00,-7.583415480784064799e-01,-3.812032550507800099e-01,3.735394146997096154e+00,5.623145437564649463e-01,-1.627508917857335202e+00
-1.312930535283970634e+00,5.150580702701275104e-01,1.125814401626884731e+00,-7.564003859268184637e-01,-3.866158241597220657e-01,3.682116037286719656e+00,5.983558538149122974e-01,-1.609240222249201935e+00
-1.325618319794932720e+00,5.104323045052522323e-01,1.138041055785996125e+00,-7.543401109574758845e-01,-3.919676257098812511e-01,3.629410797541802403e+00,6.335285372702891271e-01,-1.591113971952200279e+00
-1.338101549848245808e+00,5.057280098415843916e-01,1.150092067292947773e+00,-7.521636642759782498e-01,-3.972589036602890422e-01,3.577262477097383098e+00,6.678637286065226553e-01,-1.573126980601995184e+00
-1.350383114523033390e+00,5.009473363630683185e-01,1.161969770859801354e+00,-7.498737023431196747e-01,-4.024903376982166270e-01,3.525651384662771282e+00,7.013937820106146415e-01,-1.555274632110215549e+00
-1.362464974781143034e+00,4.960926675249304751e-01,1.173675621543186720e+00,-7.474729298743755246e-01,-4.076622336906045585e-01,3.474562035280255312e+00,7.341471091300766361e-01,-1.537553629600191263e+00
-1.374349734800323519e+00,4.911660183364960353e-01,1.185211713027049196e+00,-7.449638164515670624e-01,-4.127751913519639437e-01,3.423976534575298381e+00,7.661525721818719381e-01,-1.519959717678645905e+00
-1.386038784010743985e+00,4.861698013129516771e-01,1.196578974761735470e+00,-7.423489846403584780e-01,-4.178293056407605399e-01,3.373882449256496052e+00,7.974345519835802643e-01,-1.502490425191070900e+00
-1.397535056326180802e+00,4.811056727227983609e-01,1.207779851642786895e+00,-7.396306177478599864e-01,-4.228253554865470942e-01,3.324261011413151223e+00,8.280204396245602894e-01,-1.485140965813537717e+00
-1.408839974426354225e+00,4.759758384567286393e-01,1.218815332445992050e+00,-7.368111431621575669e-01,-4.277634825962554066e-01,3.275100187304604837e+00,8.579325254110348187e-01,-1.467908801131208252e+00
-1.419955875062775208e+00,4.707820054664934029e-01,1.229687310039112802e+00,-7.338926781830829027e-01,-4.326442421139776173e-01,3.226384228716974611e+00,8.871945394460650780e-01,-1.450789998656704327e+00
-1.430884502652137957e+00,4.655260550740539238e-01,1.240397112316714789e+00,-7.308773957195853210e-01,-4.374679463290766512e-01,3.178100174396576438e+00,9.158277128144389767e-01,-1.433781512662306357e+00
-1.441627611650500018e+00,4.602097813697172413e-01,1.250946088571064374e+00,-7.277673855086036481e-01,-4.422349258258715388e-01,3.130235236731373494e+00,9.438524375094292651e-01,-1.416880275980657355e+00
-1.452186962184846664e+00,4.548348929976639421e-01,1.261335605255408332e+00,-7.245646550126058072e-01,-4.469455276085516071e-01,3.082776798355102432e+00,9.712883047684019999e-01,-1.400083202884529365e+00
-1.462564315849347540e+00,4.494030149550744535e-01,1.271567041895625305e+00,-7.212711303622381109e-01,-4.516001132831679032e-01,3.035712408550736097e+00,9.981541412801906432e-01,-1.383387191643715930e+00
-1.472761431660385867e+00,4.439156904022388273e-01,1.281641787145223255e+00,-7.178886573403906457e-01,-4.561990572950093692e-01,2.989029779487883065e+00,1.024468043392380956e+00,-1.366789126787934405e+00
-1.482779788540657950e+00,4.383745359047840351e-01,1.291560963771579473e+00,-7.144190991972155791e-01,-4.607426207744202418e-01,2.942718053513289078e+00,1.050246706287983223e+00,-1.350286334577089242e+00
-1.492621139296581578e+00,4.327809430460425322e-01,1.301325976024398035e+00,-7.108641526192585047e-01,-4.652312014298900511e-01,2.896765246766304536e+00,1.075506892554257243e+00,-1.333875677172343899e+00
-1.502286689889881455e+00,4.271365424232217434e-01,1.310937695622430788e+00,-7.072256417712549093e-01,-4.696649596371327839e-01,2.851162055976277365e+00,1.100263360446791072e+00,-1.317554914459150739e+00
-1.511778183725291491e+00,4.214425870533032303e-01,1.320397537673997368e+00,-7.035051263209195493e-01,-4.740443130283855666e-01,2.805896776855043129e+00,1.124531681060521704e+00,-1.301320891977541194e+00
-1.521097084655258502e+00,4.157004185956603703e-01,1.329706649757901538e+00,-6.997041983749057170e-01,-4.783695635525757606e-01,2.760959107411658398e+00,1.148326174374039388e+00,-1.285170902159681106e+00
-1.530244591816053212e+00,4.099114794738323853e-01,1.338865923761153320e+00,-6.958244971747011842e-01,-4.826409007838787235e-01,2.716340128625419403e+00,1.171659982644523090e+00,-1.269102684471903553e+00
-1.539222159446373528e+00,4.040769922106905443e-01,1.347876515202084180e+00,-6.918674967250897367e-01,-4.868586432495984884e-01,2.672029781466167542e+00,1.194546425370648368e+00,-1.253113520827217719e+00
-1.548030979004589858e+00,3.981982867891278310e-01,1.356739324734439922e+00,-6.878347250732165241e-01,-4.910229966735714102e-01,2.628019377492312625e+00,1.216997704015292392e+00,-1.237201141685124739e+00
